Workbook

Sheet calendar
A1: Sat | B1: Sun | C1: Mon | D1: Tue | E1: Wed | F1: Thu | G1: Fri
A2: 45290 | B2: 45291 | C2: 45292 | D2: 45293 | E2: 45294 | F2: 45295 | G2: 45296 | H2: Week-1
A3: =G2+1 -> 45297 | B3: =A3+1 -> 45298 | C3: =B3+1 -> 45299 | D3: =C3+1 -> 45300 | E3: =D3+1 -> 45301 | F3: =E3+1 -> 45302 | G3: =F3+1 -> 45303 | H3: Week-2
A4: =G3+1 -> 45304 | B4: =A4+1 -> 45305 | C4: =B4+1 -> 45306 | D4: =C4+1 -> 45307 | E4: =D4+1 -> 45308 | F4: =E4+1 -> 45309 | G4: =F4+1 -> 45310 | H4: Week-3
A5: =G4+1 -> 45311 | B5: =A5+1 -> 45312 | C5: =B5+1 -> 45313 | D5: =C5+1 -> 45314 | E5: =D5+1 -> 45315 | F5: =E5+1 -> 45316 | G5: =F5+1 -> 45317 | H5: Week-4
A6: =G5+1 -> 45318 | B6: =A6+1 -> 45319 | C6: =B6+1 -> 45320 | D6: =C6+1 -> 45321 | E6: =D6+1 -> 45322 | F6: =E6+1 -> 45323 | G6: =F6+1 -> 45324 | H6: Week-5
A7: =G6+1 -> 45325 | B7: =A7+1 -> 45326 | C7: =B7+1 -> 45327 | D7: =C7+1 -> 45328 | E7: =D7+1 -> 45329 | F7: =E7+1 -> 45330 | G7: =F7+1 -> 45331 | H7: Week-6
A8: =G7+1 -> 45332 | B8: =A8+1 -> 45333 | C8: =B8+1 -> 45334 | D8: =C8+1 -> 45335 | E8: =D8+1 -> 45336 | F8: =E8+1 -> 45337 | G8: =F8+1 -> 45338 | H8: Week-7
A9: =G8+1 -> 45339 | B9: =A9+1 -> 45340 | C9: =B9+1 -> 45341 | D9: =C9+1 -> 45342 | E9: =D9+1 -> 45343 | F9: =E9+1 -> 45344 | G9: =F9+1 -> 45345 | H9: Week-8
A10: =G9+1 -> 45346 | B10: =A10+1 -> 45347 | C10: =B10+1 -> 45348 | D10: =C10+1 -> 45349 | E10: =D10+1 -> 45350 | F10: =E10+1 -> 45351 | G10: =F10+1 -> 45352 | H10: Week-9
A11: =G10+1 -> 45353 | B11: =A11+1 -> 45354 | C11: =B11+1 -> 45355 | D11: =C11+1 -> 45356 | E11: =D11+1 -> 45357 | F11: =E11+1 -> 45358 | G11: =F11+1 -> 45359 | H11: Week-10
A12: =G11+1 -> 45360 | B12: =A12+1 -> 45361 | C12: =B12+1 -> 45362 | D12: =C12+1 -> 45363 | E12: =D12+1 -> 45364 | F12: =E12+1 -> 45365 | G12: =F12+1 -> 45366 | H12: Week-11
A13: =G12+1 -> 45367 | B13: =A13+1 -> 45368 | C13: =B13+1 -> 45369 | D13: =C13+1 -> 45370 | E13: =D13+1 -> 45371 | F13: =E13+1 -> 45372 | G13: =F13+1 -> 45373 | H13: Week-12
A14: =G13+1 -> 45374 | B14: =A14+1 -> 45375 | C14: =B14+1 -> 45376 | D14: =C14+1 -> 45377 | E14: =D14+1 -> 45378 | F14: =E14+1 -> 45379 | G14: =F14+1 -> 45380 | H14: Week-13
... A70: =G69+1 -> 45766 | B70: =A70+1 -> 45767 | C70: =B70+1 -> 45768 | D70: =C70+1 -> 45769 | E70: =D70+1 -> 45770 | F70: =E70+1 -> 45771 | G70: =F70+1 -> 45772 | H70: Week-69

Sheet Data
F1: =VLOOKUP(F3,calendar!$A$2:$H$70,8) -> Week-1 | G1: =VLOOKUP(G3,calendar!$A$2:$H$70,8) -> Week-1 | H1: =VLOOKUP(H3,calendar!$A$2:$H$70,8) -> Week-1 | I1: =VLOOKUP(I3,calendar!$A$2:$H$70,8) -> Week-1 | J1: =VLOOKUP(J3,calendar!$A$2:$H$70,8) -> Week-1 | K1: =VLOOKUP(K3,calendar!$A$2:$H$70,8) -> Week-2 | L1: =VLOOKUP(L3,calendar!$A$2:$H$70,8) -> Week-2 | M1: =VLOOKUP(M3,calendar!$A$2:$H$70,8) -> Week-2 | ... Y1: =VLOOKUP(Y3,calendar!$A$2:$H$70,8) -> Week-4 | AA1: =VLOOKUP(AA3,calendar!$A$2:$H$70,8) -> Week-4 | AB1: =VLOOKUP(AB3,calendar!$A$2:$H$70,8) -> Week-4 | AC1: =VLOOKUP(AC3,calendar!$A$2:$H$70,8) -> Week-4 | AD1: =VLOOKUP(AD3,calendar!$A$2:$H$70,8) -> Week-4 | AE1: =VLOOKUP(AE3,calendar!$A$2:$H$70,8) -> Week-4 | AF1: =VLOOKUP(AF3,calendar!$A$2:$H$70,8) -> Week-5 | AG1: =VLOOKUP(AG3,calendar!$A$2:$H$70,8) -> Week-5 | AH1: =VLOOKUP(AH3,calendar!$A$2:$H$70,8) -> Week-5 | ... MQ1: =VLOOKUP(MQ3,calendar!$A$2:$H$70,8) -> Week-51 | MR1: =VLOOKUP(MR3,calendar!$A$2:$H$70,8,FALSE) -> #N/A | MS1: =VLOOKUP(MS3,calendar!$A$2:$H$70,8) -> Week-51 | MT1: =VLOOKUP(MT3,calendar!$A$2:$H$70,8) -> Week-51 | MU1: =VLOOKUP(MU3,calendar!$A$2:$H$70,8) -> Week-51 | MV1: =VLOOKUP(MV3,calendar!$A$2:$H$70,8) -> Week-51 | MW1: =VLOOKUP(MW3,calendar!$A$2:$H$70,8) -> Week-52 | MX1: =VLOOKUP(MX3,calendar!$A$2:$H$70,8) -> Week-52 | MY1: =VLOOKUP(MY3,calendar!$A$2:$H$70,8) -> Week-52 | MZ1: =VLOOKUP(MZ3,calendar!$A$2:$H$70,8) -> Week-52 | ... NF1: =VLOOKUP(NF3,calendar!$A$2:$H$70,8) -> Week-53 | NG1: week-53
D2: Last Rec | F2: =F3 -> 45292 | G2: =G3 -> 45293 | H2: =H3 -> 45294 | I2: =I3 -> 45295 | J2: =J3 -> 45296 | K2: =K3 -> 45297 | L2: =L3 -> 45298 | M2: =M3 -> 45299 | ... NG2: =NG3 -> 31-12
C3: Avg | D3: =LOOKUP(2,1/(F3:XA3<>""),F3:XA3) -> 31-12 | F3: 45292 | G3: 45293 | H3: 45294 | I3: 45295 | J3: 45296 | K3: 45297 | L3: 45298 | M3: 45299 | N3: 45300 | O3: 45301 | P3: 45302 | Q3: 45303 | R3: 45304 | S3: 45305 | T3: 45306 | U3: 45307 | V3: 45308 | W3: 45309 | X3: 45310 | Y3: 45311 | Z3: 45312 | AA3: 45313 | AB3: 45314 | AC3: 45315 | AD3: 45316 | AE3: 45317 | AF3: 45318 | AG3: 45319 | AH3: 45320 | AI3: 45321 | AJ3: 45322 | AK3: 45323 | AL3: 45324 | AM3: 45325 | AN3: 45326 | AO3: 45327 | AP3: 45328 | AQ3: 45329 | AR3: 45330 | AS3: 45331 | AT3: 45332 | AU3: 45333 | AV3: 45334 | AW3: 45335 | AX3: 45336 | AY3: 45337 | AZ3: 45338 | BA3: 45339 | BB3: 45340 | BC3: 45341 | BD3: 45342 | BE3: 45343 | BF3: 45344 | BG3: 45345 | BH3: 45346 | BI3: 45347 | BJ3: 45348 | BK3: 45349 | BL3: 45350 | BM3: 45351 | BN3: 45352 | BO3: 45353 | BP3: 45354 | BQ3: 45355 | BR3: 45356 | BS3: 45357 | BT3: 45358 | BU3: 45359 | BV3: 45360 | BW3: 45361 | BX3: 45362 | BY3: 45363 | BZ3: 45364 | CA3: 45365 | CB3: 45366 | CC3: 45367 | CD3: 45368 | CE3: 45369 | CF3: 45370 | CG3: 45371 | CH3: 45372 | CI3: 45373 | CJ3: 45374 | CK3: 45375 | CL3: 45376 | CM3: 45377 | CN3: 45378 | CO3: 45379 | CP3: 45380 | CQ3: 45381 | CR3: 45382 | CS3: 45383 | CT3: 45384 | CU3: 45385 | CV3: 45386 | CW3: 45387 | CX3: 45388 | CY3: 45389 | CZ3: 45390 | DA3: 45391 | DB3: 45392 | DC3: 45393 | DD3: 45394 | DE3: 45395 | DF3: 45396 | DG3: 45397 | DH3: 45398 | DI3: 45399 | DJ3: 45400 | DK3: 45401 | DL3: 45402 | DM3: 45403 | DN3: 45404 | DO3: 45405 | DP3: 45406 | DQ3: 45407 | DR3: 45408 | DS3: 45409 | DT3: 45410 | DU3: 45411 | DV3: 45412 | DW3: 45413 | DX3: 45414 | DY3: 45415 | DZ3: 45416 | EA3: 45417 | EB3: 45418 | EC3: 45419 | ED3: 45420 | EE3: 45421 | EF3: 45422 | EG3: 45423 | EH3: 45424 | EI3: 45425 | EJ3: 45426 | EK3: 45427 | EL3: 45428 | EM3: 45429 | EN3: 45430 | EO3: 45431 | EP3: 45432 | EQ3: 45433 | ER3: 45434 | ES3: 45435 | ET3: 45436 | EU3: 45437 | EV3: 45438 | EW3: 45439 | EX3: 45440 | EY3: 45441 | EZ3: 45442 | FA3: 45443 | FB3: 45444 | FC3: 45445 | FD3: 45446 | FE3: 45447 | FF3: 45448 | FG3: 45449 | FH3: 45450 | FI3: 45451 | FJ3: 45452 | FK3: 45453 | FL3: 45454 | FM3: 45455 | FN3: 45456 | FO3: 45457 | FP3: 45458 | FQ3: 45459 | FR3: 45460 | FS3: 45461 | FT3: 45462 | FU3: 45463 | FV3: 45464 | FW3: 45465 | FX3: 45466 | FY3: 45467 | FZ3: 45468 | GA3: 45469 | GB3: 45470 | GC3: 45471 | GD3: 45472 | GE3: 45473 | GF3: 45474 | GG3: 45475 | GH3: 45476 | GI3: 45477 | GJ3: 45478 | GK3: 45479 | GL3: 45480 | GM3: 45481 | GN3: 45482 | GO3: 45483 | GP3: 45484 | GQ3: 45485 | GR3: 45486 | GS3: 45487 | GT3: 45488 | GU3: 45489 | GV3: 45490 | GW3: 45491 | GX3: 45492 | GY3: 45493 | GZ3: 45494 | HA3: 45495 | HB3: 45496 | HC3: 45497 | HD3: 45498 | HE3: 45499 | HF3: 45500 | HG3: 45501 | HH3: 45502 | HI3: 45503 | HJ3: 45504 | HK3: 45505 | HL3: 45506 | HM3: 45507 | HN3: 45508 | HO3: 45509 | HP3: 45510 | HQ3: 45511 | HR3: 45512 | HS3: 45513 | HT3: 45514 | HU3: 45515 | HV3: 45516 | HW3: 45517 | HX3: 45518 | HY3: 45519 | HZ3: 45520 | IA3: 45521 | IB3: 45522 | IC3: 45523 | ID3: 45524 | IE3: 45525 | IF3: 45526 | IG3: 45527 | IH3: 45528 | II3: 45529 | IJ3: 45530 | IK3: 45531 | IL3: 45532 | IM3: 45533 | IN3: 45534 | IO3: 45535 | IP3: 45536 | IQ3: 45537 | IR3: 45538 | IS3: 45539 | IT3: 45540 | IU3: 45541 | IV3: 45542 | IW3: 45543 | IX3: 45544 | IY3: 45545 | IZ3: 45546 | JA3: 45547 | JB3: 45548 | JC3: 45549 | JD3: 45550 | JE3: 45551 | JF3: 45552 | JG3: 45553 | JH3: 45554 | JI3: 45555 | JJ3: 45556 | JK3: 45557 | JL3: 45558 | JM3: 45559 | JN3: 45560 | JO3: 45561 | JP3: 45562 | JQ3: 45563 | JR3: 45564 | JS3: 45565 | JT3: 45566 | JU3: 45567 | JV3: 45568 | JW3: 45569 | JX3: 45570 | JY3: 45571 | JZ3: 45572 | KA3: 45573 | KB3: 45574 | KC3: 45575 | KD3: 45576 | KE3: 45577 | KF3: 45578 | KG3: 45579 | KH3: 45580 | KI3: 45581 | KJ3: 45582 | KK3: 45583 | KL3: 45584 | KM3: 45585 | KN3: 45586 | KO3: 45587 | KP3: 45588 | KQ3: 45589 | KR3: 45590 | KS3: 45591 | KT3: 45592 | KU3: 45593 | KV3: 45594 | KW3: 45595 | KX3: 45596 | KY3: 45597 | KZ3: 45598 | LA3: 45599 | LB3: 45600 | LC3: 45601 | LD3: 45602 | LE3: 45603 | LF3: 45604 | LG3: 45605 | LH3: 45606 | LI3: 45607 | LJ3: 45608 | LK3: 45609 | LL3: 45610 | LM3: 45611 | LN3: 45612 | LO3: 45613 | LP3: 45614 | LQ3: 45615 | LR3: 45616 | LS3: 45617 | LT3: 45618 | LU3: 45619 | LV3: 45620 | LW3: 45621 | LX3: 45622 | LY3: 45623 | LZ3: 45624 | MA3: 45625 | MB3: 45626 | MC3: 45627 | MD3: 45628 | ME3: 45629 | MF3: 45630 | MG3: 45631 | MH3: 45632 | MI3: 45633 | MJ3: 45634 | MK3: 45635 | ML3: 45636 | MM3: 45637 | MN3: 45638 | MO3: 45639 | MP3: 45640 | MQ3: 45641 | MR3: 45642 | MS3: 45643 | MT3: 45644 | MU3: 45645 | MV3: 45646 | MW3: 45647 | MX3: 45648 | MY3: 45649 | MZ3: 45650 | NA3: 45651 | NB3: 45652 | NC3: 45653 | ND3: 45654 | NE3: 45655 | NF3: 45656 | NG3: 31-12
B4: Total Incoming Calls to 150 | C4: =INT(AVERAGE(F4:LI4)) -> 16576 | D4: =LOOKUP(2,1/(F4:XA4<>""),F4:XA4) -> 17229 | F4: 10899 | G4: 11487 | H4: 11232 | I4: 12015 | J4: 10982 | K4: 14207 | L4: 12396 | M4: 12190 | N4: 13606 | O4: 12844 | P4: 12486 | Q4: 11406 | R4: 12811 | S4: 13564 | T4: 12851 | U4: 13644 | V4: 13164 | W4: 13781 | X4: 12620 | Y4: 12216 | Z4: 12259 | AA4: 11027 | AB4: 10996 | AC4: 11045 | AD4: 12353 | AE4: 11138 | AF4: 12118 | AG4: 11380 | AH4: 10543 | AI4: 10440 | AJ4: 31376 | AK4: 14634 | AL4: 12025 | AM4: 13621 | AN4: 13739 | AO4: 14939 | AP4: 15015 | AQ4: 14622 | AR4: 15365 | AS4: 12639 | AT4: 16057 | AU4: 14240 | AV4: 15384 | AW4: 14091 | AX4: 14611 | AY4: 17269 | AZ4: 13563 | BA4: 15523 | BB4: 14678 | BC4: 13815 | BD4: 13859 | BE4: 14200 | BF4: 13720 | BG4: 11649 | BH4: 32899 | BI4: 22974 | BJ4: 16224 | BK4: 15119 | BL4: 14790 | BM4: 20104 | BN4: 12736 | BO4: 12741 | BP4: 13710 | BQ4: 11973 | BR4: 14320 | BS4: 12139 | BT4: 12538 | BU4: 11138 | BV4: 12614 | BW4: 28509 | BX4: 19310 | BY4: 23766 | BZ4: 14207 | CA4: 12698 | CB4: 14867 | CC4: 13728 | CD4: 12630 | CE4: 12903 | CF4: 12815 | CG4: 14382 | CH4: 12830 | CI4: 12162 | CJ4: 13258 | CK4: 12914 | CL4: 4966 | CM4: 9750 | CN4: 14066 | CO4: 14175 | CP4: 12805 | CQ4: 15199 | CR4: 13610 | CS4: 15602 | CT4: 14242 | CU4: 14908 | CV4: 15227 | CW4: 14028 | CX4: 13660 | CY4: 14359 | CZ4: 13546 | DA4: 13651 | DB4: 13250 | DC4: 12901 | DD4: 14809 | DE4: 15714 | DF4: 15701 | DG4: 16858 | DH4: 15939 | DI4: 14820 | DJ4: 14808 | DK4: 12767 | DL4: 14116 | DM4: 13465 | DN4: 14854 | DO4: 14221 | DP4: 14320 | DQ4: 32843 | DR4: 17219 | DS4: 18308 | DT4: 17778 | DU4: 16956 | DV4: 16449 | DW4: 15536 | DX4: 18514 | DY4: 11841 | DZ4: 14296 | EA4: 15095 | EB4: 15536 | EC4: 18395 | ED4: 15406 | EE4: 17712 | EF4: 18831 | EG4: 17314 | EH4: 16658 | EI4: 16060 | EJ4: 17986 | EK4: 20733 | EL4: 16484 | EM4: 15805 | EN4: 24862 | EO4: 18636 | EP4: 16933 | EQ4: 27296 | ER4: 20842 | ES4: 33278 | ET4: 22886 | EU4: 17842 | EV4: 16572 | EW4: 25996 | EX4: 17671 | EY4: 17208 | EZ4: 21369 | FA4: 15460 | FB4: 17910 | FC4: 19014 | FD4: 16973 | FE4: 19067 | FF4: 18209 | FG4: 17982 | FH4: 13942 | FI4: 16351 | FJ4: 26634 | FK4: 27556 | FL4: 20461 | FM4: 18480 | FN4: 18691 | FO4: 16329 | FP4: 28812 | FQ4: 13500 | FR4: 21422 | FS4: 16009 | FT4: 15857 | FU4: 15966 | FV4: 14114 | FW4: 17428 | FX4: 16204 | FY4: 17388 | FZ4: 17350 | GA4: 16319 | GB4: 15756 | GC4: 13208 | GD4: 15920 | GE4: 18622 | GF4: 20362 | GG4: 18912 | GH4: 17817 | GI4: 19471 | GJ4: 17495 | GK4: 20325 | GL4: 18822 | GM4: 19905 | GN4: 18778 | GO4: 19409 | GP4: 24043 | GQ4: 17550 | GR4: 27138 | GS4: 22318 | GT4: 20483 | GU4: 22317 | GV4: 20563 | GW4: 18833 | GX4: 17960 | GY4: 24975 | GZ4: 20959 | HA4: 18905 | HB4: 19312 | HC4: 18080 | HD4: 17649 | HE4: 13577 | HF4: 18569 | HG4: 28779 | HH4: 22139 | HI4: 19173 | HJ4: 17698 | HK4: 18087 | HL4: 14347 | HM4: 1870 | HN4: 14966 | HO4: 15382 | HP4: 16644 | HQ4: 16796 | HR4: 16548 | HS4: 13742 | HT4: 16489 | HU4: 17199 | HV4: 17514 | HW4: 1772 | HX4: 16609 | HY4: 16712 | HZ4: 12896 | IA4: 12896 | IB4: 25754 | IC4: 22310 | ID4: 17388 | IE4: 16121 | IF4: 16893 | IG4: 14208 | IH4: 15333 | II4: 15235 | IJ4: 14699 | IK4: 15723 | IL4: 17587 | IM4: 15927 | IN4: 12318 | IO4: 14896 | IP4: 17783 | IQ4: 15861 | IR4: 16230 | IS4: 17866 | IT4: 18780 | IU4: 24524 | IV4: 21799 | IW4: 21799 | IX4: 19148 | IY4: 18116 | IZ4: 17856 | JA4: 18231 | JB4: 14183 | JC4: 14463 | JD4: 14440 | JE4: 14715 | JF4: 15474 | JG4: 15620 | JH4: 16959 | JI4: 17282 | JJ4: 16959 | JK4: 15213 | JL4: 13862 | JM4: 15524 | JN4: 13552 | JO4: 15140 | JP4: 13686 | JQ4: 15043 | JR4: 12748 | JS4: 17138 | JT4: 13819 | JU4: 13057 | JV4: 14815 | JW4: 13401 | JX4: 14949 | JY4: 13766 | JZ4: 19960 | KA4: 24477 | KB4: 17051 | KC4: 17177 | KD4: 15922 | KE4: 14957 | KF4: 14998 | KG4: 15069 | KH4: 13688 | KI4: 17776 | KJ4: 20282 | KK4: 29170 | KL4: 25321 | KM4: 27442 | KN4: 44761 | KO4: 26561 | KP4: 27557 | KQ4: 21117 | KR4: 17345 | KS4: 17905 | KT4: 16508 | KU4: 15876 | KV4: 14750 | KW4: 14678 | KX4: 15381 | KY4: 15385 | LG4: 25465 | LH4: 27545 | LI4: 3236 | LJ4: 20721 | LK4: 21673 | LL4: 23645 | LM4: 24747 | LN4: 23269 | LO4: 22028 | LP4: 20300 | LQ4: 24856 | LR4: 24848 | LS4: 29856 | LT4: 26256 | LU4: 32917 | LV4: 32021 | LW4: 28015 | LX4: 26053 | LY4: 24922 | LZ4: 32636 | MA4: 25615 | MB4: 25322 | MC4: 20465 | MD4: 18773 | ME4: 18168 | MF4: 18737 | MG4: 21361 | MH4: 26115 | MI4: 28002 | MJ4: 20317 | MK4: 19062 | ML4: 18413 | MM4: 19171 | MN4: 17678 | MO4: 17673 | MP4: 17671 | MQ4: 16671 | MR4: 17782 | MS4: 16316 | MT4: 15901 | MU4: 16385 | MV4: 14634 | MW4: 15586 | MX4: 61825 | MY4: 62196 | MZ4: 22975 | NA4: 19053 | NB4: 21710 | NC4: 20936 | ND4: 19731 | NE4: 18027 | NF4: 17732 | NG4: 17229
B5: Calls Presented | C5: =INT(AVERAGE(F5:LI5)) -> 11649 | D5: =LOOKUP(2,1/(F5:XA5<>""),F5:XA5) -> 13334 | F5: 8517 | G5: 8681 | H5: 8636 | I5: 9310 | J5: 8329 | K5: 10845 | L5: 9740 | M5: 9533 | N5: 10079 | O5: 10193 | P5: 9535 | Q5: 8954 | R5: 9993 | S5: 10739 | T5: 9931 | U5: 10572 | V5: 10585 | W5: 10085 | X5: 9139 | Y5: 9631 | Z5: 9281 | AA5: 8507 | AB5: 8624 | AC5: 8700 | AD5: 9789 | AE5: 8659 | AF5: 9451 | AG5: 8930 | AH5: 8147 | AI5: 8057 | AJ5: 10406 | AK5: 10845 | AL5: 9239 | AM5: 10654 | AN5: 10690 | AO5: 11769 | AP5: 11664 | AQ5: 11527 | AR5: 11801 | AS5: 9526 | AT5: 11398 | AU5: 10988 | AV5: 11244 | AW5: 106554 | AX5: 11107 | AY5: 11383 | AZ5: 10037 | BA5: 11886 | BB5: 11765 | BC5: 10937 | BD5: 10905 | BE5: 10977 | BF5: 10668 | BG5: 9062 | BH5: 11390 | BI5: 13436 | BJ5: 12051 | BK5: 11412 | BL5: 11244 | BM5: 11825 | BN5: 9614 | BO5: 9913 | BP5: 10881 | BQ5: 9285 | BR5: 10842 | BS5: 9211 | BT5: 9792 | BU5: 8494 | BV5: 9850 | BW5: 10043 | BX5: 12048 | BY5: 9103 | BZ5: 10166 | CA5: 9710 | CB5: 9820 | CC5: 10059 | CD5: 9571 | CE5: 9531 | CF5: 9735 | CG5: 10023 | CH5: 9762 | CI5: 9272 | CJ5: 9810 | CK5: 9588 | CL5: 4060 | CM5: 6544 | CN5: 10478 | CO5: 10369 | CP5: 9754 | CQ5: 10872 | CR5: 10334 | CS5: 10449 | CT5: 10348 | CU5: 10547 | CV5: 10927 | CW5: 10496 | CX5: 10142 | CY5: 10694 | CZ5: 10464 | DA5: 10412 | DB5: 10321 | DC5: 7912 | DD5: 10422 | DE5: 12019 | DF5: 11841 | DG5: 12340 | DH5: 12045 | DI5: 11513 | DJ5: 11575 | DK5: 9731 | DL5: 11103 | DM5: 10519 | DN5: 11089 | DO5: 11076 | DP5: 11195 | DQ5: 14476 | DR5: 11930 | DS5: 13206 | DT5: 12936 | DU5: 12556 | DV5: 12617 | DW5: 12639 | DX5: 11349 | DY5: 9145 | DZ5: 11093 | EA5: 11598 | EB5: 11719 | EC5: 12723 | ED5: 11550 | EE5: 12609 | EF5: 12991 | EG5: 12395 | EH5: 12710 | EI5: 12180 | EJ5: 12683 | EK5: 13013 | EL5: 12435 | EM5: 10661 | EN5: 12644 | EO5: 12390 | EP5: 12748 | EQ5: 11893 | ER5: 12354 | ES5: 15443 | ET5: 12977 | EU5: 12118 | EV5: 12057 | EW5: 15032 | EX5: 12547 | EY5: 1112 | EZ5: 12838 | FA5: 10506 | FB5: 12359 | FC5: 13365 | FD5: 12495 | FE5: 12765 | FF5: 12786 | FG5: 12518 | FH5: 10367 | FI5: 12055 | FJ5: 13479 | FK5: 16259 | FL5: 13991 | FM5: 12889 | FN5: 13381 | FO5: 11132 | FP5: 15171 | FQ5: 9290 | FR5: 10478 | FS5: 12057 | FT5: 11832 | FU5: 11919 | FV5: 10103 | FW5: 12047 | FX5: 12468 | FY5: 12682 | FZ5: 12462 | GA5: 12262 | GB5: 12058 | GC5: 9839 | GD5: 11862 | GE5: 12724 | GF5: 12887 | GG5: 12919 | GH5: 12501 | GI5: 13259 | GJ5: 11389 | GK5: 13644 | GL5: 13327 | GM5: 13201 | GN5: 13250 | GO5: 13408 | GP5: 14563 | GQ5: 12010 | GR5: 14919 | GS5: 14876 | GT5: 13954 | GU5: 14057 | GV5: 13502 | GW5: 12967 | GX5: 11866 | GY5: 14475 | GZ5: 14390 | HA5: 13173 | HB5: 13644 | HC5: 13148 | HD5: 12746 | HE5: 10124 | HF5: 11947 | HG5: 14628 | HH5: 13487 | HI5: 12892 | HJ5: 12553 | HK5: 12613 | HL5: 10057 | HM5: 12497 | HN5: 11347 | HO5: 11427 | HP5: 12435 | HQ5: 12145 | HR5: 1259 | HS5: 10121 | HT5: 12213 | HU5: 12603 | HV5: 12753 | HW5: 12910 | HX5: 12266 | HY5: 12124 | HZ5: 9724 | IA5: 13457 | IB5: 14182 | IC5: 12642 | ID5: 12389 | IE5: 11999 | IF5: 11386 | IG5: 10273 | IH5: 11219 | II5: 11157 | IJ5: 10577 | IK5: 11524 | IL5: 12413 | IM5: 11710 | IN5: 9257 | IO5: 10778 | IP5: 12033 | IQ5: 11397 | IR5: 11646 | IS5: 12298 | IT5: 12974 | IU5: 11353 | IV5: 13867 | IW5: 13861 | IX5: 13109 | IY5: 12570 | IZ5: 12290 | JA5: 12475 | JB5: 9827 | JC5: 10280 | JD5: 10069 | JE5: 9931 | JF5: 10331 | JG5: 10790 | JH5: 11945 | JI5: 10973 | JJ5: 11934 | JK5: 10548 | JL5: 10000 | JM5: 10825 | JN5: 9509 | JO5: 10432 | JP5: 9458 | JQ5: 10813 | JR5: 8937 | JS5: 10149 | JT5: 9923 | JU5: 9434 | JV5: 10264 | JW5: 9510 | JX5: 10715 | JY5: 9511 | JZ5: 8178 | KA5: 10364 | KB5: 10939 | KC5: 11390 | KD5: 10199 | KE5: 11001 | KF5: 9975 | KG5: 9632 | KH5: 10350 | KI5: 9225 | KJ5: 11401 | KK5: 13110 | KL5: 15799 | KM5: 16621 | KN5: 17112 | KO5: 16026 | KP5: 14685 | KQ5: 13336 | KR5: 10854 | KS5: 11638 | KT5: 10387 | KU5: 10001 | KV5: 9585 | KW5: 9239 | KX5: 9800 | KY5: 9361 | LG5: 17973 | LH5: 20744 | LI5: 17443 | LJ5: 15161 | LK5: 16116 | LL5: 18072 | LM5: 17096 | LN5: 17593 | LO5: 16688 | LP5: 15186 | LQ5: 19432 | LR5: 19089 | LS5: 22930 | LT5: 18556 | LU5: 26302 | LV5: 25553 | LW5: 22121 | LX5: 20170 | LY5: 19586 | LZ5: 26101 | MA5: 18233 | MB5: 19872 | MC5: 15624 | MD5: 14242 | ME5: 13843 | MF5: 14591 | MG5: 17086 | MH5: 19104 | MI5: 22673 | MJ5: 15955 | MK5: 15118 | ML5: 14047 | MM5: 15578 | MN5: 14799 | MO5: 11560 | MP5: 13703 | MQ5: 12774 | MR5: 13745 | MS5: 12511 | MT5: 12247 | MU5: 12491 | MV5: 10223 | MW5: 11483 | MX5: 53905 | MY5: 54563 | MZ5: 17832 | NA5: 14508 | NB5: 16985 | NC5: 15410 | ND5: 15291 | NE5: 13819 | NF5: 13547 | NG5: 13334
B6: Calls Handled | C6: =INT(AVERAGE(F6:LI6)) -> 8399 | D6: =LOOKUP(2,1/(F6:XA6<>""),F6:XA6) -> 6384 | F6: 7952 | G6: 8273 | H6: 8110 | I6: 8855 | J6: 6910 | K6: 9039 | L6: 9174 | M6: 8803 | N6: 9212 | O6: 9504 | P6: 8955 | Q6: 7210 | R6: 9241 | S6: 9744 | T6: 9203 | U6: 9721 | V6: 9499 | W6: 9440 | X6: 6768 | Y6: 9105 | Z6: 8464 | AA6: 7762 | AB6: 8054 | AC6: 8289 | AD6: 9010 | AE6: 6723 | AF6: 8582 | AG6: 8068 | AH6: 7749 | AI6: 7692 | AJ6: 8761 | AK6: 9472 | AL6: 6892 | AM6: 9220 | AN6: 9552 | AO6: 10736 | AP6: 10693 | AQ6: 10613 | AR6: 10439 | AS6: 6956 | AT6: 7554 | AU6: 9301 | AV6: 9170 | AW6: 9143 | AX6: 9523 | AY6: 9196 | AZ6: 7338 | BA6: 10537 | BB6: 10791 | BC6: 10076 | BD6: 10361 | BE6: 9623 | BF6: 9808 | BG6: 6960 | BH6: 9928 | BI6: 9944 | BJ6: 10181 | BK6: 9733 | BL6: 10318 | BM6: 8778 | BN6: 6279 | BO6: 8860 | BP6: 9779 | BQ6: 8585 | BR6: 9852 | BS6: 8125 | BT6: 8821 | BU6: 5958 | BV6: 8288 | BW6: 1113 | BX6: 8913 | BY6: 5503 | BZ6: 6078 | CA6: 6127 | CB6: 4879 | CC6: 6426 | CD6: 6255 | CE6: 6067 | CF6: 6534 | CG6: 6650 | CH6: 6543 | CI6: 5168 | CJ6: 6205 | CK6: 6311 | CL6: 3133 | CM6: 3972 | CN6: 6781 | CO6: 6849 | CP6: 5406 | CQ6: 6768 | CR6: 6875 | CS6: 6472 | CT6: 6674 | CU6: 6773 | CV6: 6807 | CW6: 5514 | CX6: 6139 | CY6: 6821 | CZ6: 6493 | DA6: 5644 | DB6: 579 | DC6: 5338 | DD6: 5624 | DE6: 8940 | DF6: 9551 | DG6: 9492 | DH6: 9978 | DI6: 9667 | DJ6: 9665 | DK6: 7029 | DL6: 9186 | DM6: 9252 | DN6: 9171 | DO6: 9835 | DP6: 9600 | DQ6: 9904 | DR6: 739 | DS6: 10606 | DT6: 10475 | DU6: 10226 | DV6: 10550 | DW6: 10172 | DX6: 8814 | DY6: 6871 | DZ6: 9380 | EA6: 9930 | EB6: 9345 | EC6: 8680 | ED6: 9169 | EE6: 9518 | EF6: 7266 | EG6: 9075 | EH6: 7960 | EI6: 9587 | EJ6: 9222 | EK6: 9680 | EL6: 9686 | EM6: 5848 | EN6: 9152 | EO6: 9021 | EP6: 9789 | EQ6: 9031 | ER6: 9558 | ES6: 10750 | ET6: 6430 | EU6: 9130 | EV6: 9607 | EW6: 11168 | EX6: 9946 | EY6: 9496 | EZ6: 7826 | FA6: 4436 | FB6: 8237 | FC6: 9336 | FD6: 9833 | FE6: 8578 | FF6: 8670 | FG6: 8755 | FH6: 5319 | FI6: 8819 | FJ6: 9761 | FK6: 10786 | FL6: 9803 | FM6: 9082 | FN6: 9180 | FO6: 6257 | FP6: 9487 | FQ6: 14 | FR6: 0 | FS6: 7864 | FT6: 8598 | FU6: 8469 | FV6: 5891 | FW6: 8340 | FX6: 9188 | FY6: 8912 | FZ6: 8508 | GA6: 8780 | GB6: 8834 | GC6: 6265 | GD6: 8589 | GE6: 9040 | GF6: 8883 | GG6: 8920 | GH6: 9115 | GI6: 9122 | GJ6: 5788 | GK6: 8943 | GL6: 9715 | GM6: 9881 | GN6: 9721 | GO6: 9287 | GP6: 9497 | GQ6: 6885 | GR6: 10180 | GS6: 10906 | GT6: 10243 | GU6: 9540 | GV6: 9889 | GW6: 9634 | GX6: 6387 | GY6: 8935 | GZ6: 10311 | HA6: 9824 | HB6: 9619 | HC6: 9631 | HD6: 9864 | HE6: 6388 | HF6: 9438 | HG6: 10849 | HH6: 10110 | HI6: 9605 | HJ6: 8892 | HK6: 9035 | HL6: 6078 | HM6: 8649 | HN6: 8644 | HO6: 8549 | HP6: 9499 | HQ6: 9304 | HR6: 9524 | HS6: 6023 | HT6: 9262 | HU6: 9245 | HV6: 9538 | HW6: 9345 | HX6: 8840 | HY6: 8752 | HZ6: 6242 | IA6: 8939 | IB6: 8670 | IC6: 9469 | ID6: 9135 | IE6: 8836 | IF6: 7922 | IG6: 6207 | IH6: 8682 | II6: 8551 | IJ6: 8369 | IK6: 8870 | IL6: 8640 | IM6: 9110 | IN6: 6795 | IO6: 8230 | IP6: 8531 | IQ6: 8533 | IR6: 8724 | IS6: 8296 | IT6: 8936 | IU6: 5929 | IV6: 9627 | IW6: 9611 | IX6: 9428 | IY6: 9098 | IZ6: 9389 | JA6: 9467 | JB6: 6415 | JC6: 8405 | JD6: 8097 | JE6: 8035 | JF6: 8490 | JG6: 8600 | JH6: 9694 | JI6: 6809 | JJ6: 8696 | JK6: 8668 | JL6: 8453 | JM6: 8576 | JN6: 8119 | JO6: 8241 | JP6: 5392 | JQ6: 7999 | JR6: 7676 | JS6: 7807 | JT6: 8458 | JU6: 8220 | JV6: 8400 | JW6: 5727 | JX6: 8650 | JY6: 8181 | JZ6: 7302 | KA6: 8829 | KB6: 9062 | KC6: 9609 | KD6: 6927 | KE6: 9571 | KF6: 8844 | KG6: 8281 | KH6: 9016 | KI6: 8557 | KJ6: 9100 | KK6: 7773 | KL6: 12573 | KM6: 13520 | KN6: 13190 | KO6: 12834 | KP6: 11476 | KQ6: 10721 | KR6: 7273 | KS6: 10172 | KT6: 9026 | KU6: 8668 | KV6: 8705 | KW6: 8425 | KX6: 8445 | KY6: 5865 | LG6: 3518 | LH6: 6842 | LI6: 7776 | LJ6: 8334 | LK6: 7505 | LL6: 7464 | LM6: 4925 | LN6: 9242 | LO6: 8348 | LP6: 8753 | LQ6: 6510 | LR6: 7044 | LS6: 7896 | LT6: 4872 | LU6: 6882 | LV6: 6651 | LW6: 6929 | LX6: 6829 | LY6: 6940 | LZ6: 6831 | MA6: 4349 | MB6: 8219 | MC6: 7147 | MD6: 7226 | ME6: 7576 | MF6: 6982 | MG6: 5939 | MH6: 3913 | MI6: 7001 | MJ6: 7645 | MK6: 7486 | ML6: 8086 | MM6: 7551 | MN6: 7906 | MO6: 4553 | MP6: 6784 | MQ6: 7452 | MR6: 6907 | MS6: 7718 | MT6: 7433 | MU6: 7490 | MV6: 4737 | MW6: 7853 | MX6: 8178 | MY6: 8157 | MZ6: 6471 | NA6: 7375 | NB6: 5913 | NC6: 3799 | ND6: 6121 | NE6: 7385 | NF6: 6417 | NG6: 6384
B7: Calls Abandoned | C7: =INT(AVERAGE(F7:LI7)) -> 2986 | D7: =LOOKUP(2,1/(F7:XA7<>""),F7:XA7) -> 6950 | F7: 563 | G7: 403 | H7: 524 | I7: 451 | J7: 1417 | K7: 1805 | L7: 566 | M7: 730 | N7: 866 | O7: 687 | P7: 580 | Q7: 1741 | R7: 747 | S7: 993 | T7: 725 | U7: 848 | V7: 1084 | W7: 645 | X7: 2370 | Y7: 526 | Z7: 814 | AA7: 743 | AB7: 567 | AC7: 411 | AD7: 777 | AE7: 1935 | AF7: 867 | AG7: 861 | AH7: 396 | AI7: 362 | AJ7: 1634 | AK7: 1371 | AL7: 2345 | AM7: 1432 | AN7: 1134 | AO7: 1031 | AP7: 966 | AQ7: 913 | AR7: 1359 | AS7: 2570 | AT7: 3842 | AU7: 1683 | AV7: 2069 | AW7: 1507 | AX7: 1584 | AY7: 2184 | AZ7: 2696 | BA7: 1346 | BB7: 969 | BC7: 860 | BD7: 542 | BE7: 1353 | BF7: 855 | BG7: 2098 | BH7: 1455 | BI7: 3489 | BJ7: 1869 | BK7: 1674 | BL7: 923 | BM7: 3043 | BN7: 3333 | BO7: 1050 | BP7: 1098 | BQ7: 698 | BR7: 983 | BS7: 1079 | BT7: 970 | BU7: 2534 | BV7: 1555 | BW7: 8930 | BX7: 3135 | BY7: 3598 | BZ7: 4082 | CA7: 3581 | CB7: 4937 | CC7: 3629 | CD7: 3312 | CE7: 3459 | CF7: 3196 | CG7: 3370 | CH7: 3218 | CI7: 4102 | CJ7: 3603 | CK7: 3274 | CL7: 926 | CM7: 2571 | CN7: 3694 | CO7: 3543 | CP7: 4346 | CQ7: 4102 | CR7: 3459 | CS7: 3976 | CT7: 3666 | CU7: 3771 | CV7: 4119 | CW7: 4978 | CX7: 4001 | CY7: 3873 | CZ7: 3968 | DA7: 4767 | DB7: 9742 | DC7: 4371 | DD7: 4796 | DE7: 3076 | DF7: 2287 | DG7: 2845 | DH7: 2063 | DI7: 1893 | DJ7: 1906 | DK7: 2696 | DL7: 1910 | DM7: 1262 | DN7: 1910 | DO7: 1236 | DP7: 1589 | DQ7: 4535 | DR7: 4584 | DS7: 2591 | DT7: 2458 | DU7: 2323 | DV7: 2057 | DW7: 2452 | DX7: 2530 | DY7: 2270 | DZ7: 1705 | EA7: 1662 | EB7: 2363 | EC7: 4034 | ED7: 2377 | EE7: 3084 | EF7: 5716 | EG7: 3311 | EH7: 2940 | EI7: 2585 | EJ7: 3455 | EK7: 3319 | EL7: 2738 | EM7: 4807 | EN7: 3478 | EO7: 3362 | EP7: 2949 | EQ7: 2854 | ER7: 2790 | ES7: 4637 | ET7: 6537 | EU7: 2978 | EV7: 2437 | EW7: 3821 | EX7: 2587 | EY7: 2403 | EZ7: 5003 | FA7: 6060 | FB7: 4117 | FC7: 4020 | FD7: 2651 | FE7: 4178 | FF7: 4107 | FG7: 3756 | FH7: 5043 | FI7: 3223 | FJ7: 3705 | FK7: 5445 | FL7: 4173 | FM7: 3794 | FN7: 4128 | FO7: 4872 | FP7: 5669 | FQ7: 9276 | FR7: 10478 | FS7: 4186 | FT7: 3222 | FU7: 3434 | FV7: 4209 | FW7: 3696 | FX7: 3270 | FY7: 3756 | FZ7: 3944 | GA7: 3467 | GB7: 3216 | GC7: 3566 | GD7: 3246 | GE7: 3667 | GF7: 3990 | GG7: 3991 | GH7: 3374 | GI7: 4119 | GJ7: 5590 | GK7: 4685 | GL7: 3598 | GM7: 3301 | GN7: 3518 | GO7: 4100 | GP7: 5045 | GQ7: 5116 | GR7: 4711 | GS7: 3932 | GT7: 3692 | GU7: 4476 | GV7: 3588 | GW7: 3313 | GX7: 5467 | GY7: 5515 | GZ7: 4059 | HA7: 3327 | HB7: 4010 | HC7: 3502 | HD7: 2871 | HE7: 3727 | HF7: 2486 | HG7: 3740 | HH7: 3361 | HI7: 3271 | HJ7: 3637 | HK7: 3553 | HL7: 3968 | HM7: 3826 | HN7: 2698 | HO7: 2876 | HP7: 2935 | HQ7: 2841 | HR7: 2935 | HS7: 4098 | HT7: 2951 | HU7: 3357 | HV7: 3215 | HW7: 5363 | HX7: 3424 | HY7: 3371 | HZ7: 3482 | IA7: 4517 | IB7: 5508 | IC7: 3172 | ID7: 2353 | IE7: 3163 | IF7: 3463 | IG7: 4064 | IH7: 2537 | II7: 2606 | IJ7: 2206 | IK7: 2654 | IL7: 3772 | IM7: 2599 | IN7: 2460 | IO7: 2544 | IP7: 3499 | IQ7: 2862 | IR7: 2919 | IS7: 3992 | IT7: 4038 | IU7: 5424 | IV7: 4239 | IW7: 4246 | IX7: 3679 | IY7: 3469 | IZ7: 2897 | JA7: 3007 | JB7: 3412 | JC7: 1872 | JD7: 1970 | JE7: 1895 | JF7: 1840 | JG7: 2187 | JH7: 2246 | JI7: 4161 | JJ7: 3235 | JK7: 1880 | JL7: =JL5-JL6 -> 1547 | JM7: 2246 | JN7: 1388 | JO7: 2189 | JP7: 4065 | JQ7: 2814 | JR7: 1257 | JS7: 2339 | JT7: 1462 | JU7: 1213 | JV7: 1863 | JW7: 3783 | JX7: 2064 | JY7: 1330 | JZ7: 875 | KA7: 1516 | KB7: 1877 | KC7: 1779 | KD7: 3270 | KE7: 1429 | KF7: 1130 | KG7: 1351 | KH7: 1332 | KI7: 668 | KJ7: 2301 | KK7: 5335 | KL7: 3224 | KM7: 3101 | KN7: 3918 | KO7: 3191 | KP7: 3205 | KQ7: 2614 | KR7: 3679 | KS7: 1463 | KT7: 1360 | KU7: 1333 | KV7: 878 | KW7: 812 | KX7: 1352 | KY7: 3495 | LG7: 14455 | LH7: 13902 | LI7: 9667 | LJ7: 6827 | LK7: 8611 | LL7: 10608 | LM7: 12171 | LN7: 8351 | LO7: 8340 | LP7: 6433 | LQ7: 12922 | LR7: 12045 | LS7: 15034 | LT7: 13684 | LU7: 19420 | LV7: 18902 | LW7: 15192 | LX7: 13341 | LY7: 12646 | LZ7: 19270 | MA7: 13884 | MB7: 11653 | MC7: 8477 | MD7: 7016 | ME7: 6267 | MF7: 7609 | MG7: 11147 | MH7: 15191 | MI7: 15672 | MJ7: 8310 | MK7: 7632 | ML7: 5961 | MM7: 8027 | MN7: 6893 | MO7: 7007 | MP7: 6919 | MQ7: 5322 | MR7: 6838 | MS7: 4793 | MT7: 4814 | MU7: 5001 | MV7: 5486 | MW7: 3630 | MX7: 45727 | MY7: 46406 | MZ7: 11361 | NA7: 7133 | NB7: 11072 | NC7: 11611 | ND7: 9170 | NE7: 6434 | NF7: 7130 | NG7: 6950
F8: =F3 -> 45292 | G8: =G3 -> 45293 | H8: =H3 -> 45294 | I8: =I3 -> 45295 | J8: =J3 -> 45296 | K8: =K3 -> 45297 | L8: =L3 -> 45298 | M8: =M3 -> 45299 | ... NG8: =NG3 -> 31-12
B9: Percent Calls Handled | C9: =AVERAGE(F9:XA9) -> 0.73475989 | D9: =LOOKUP(2,1/(F9:XA9<>""),F9:XA9) -> 0.47877606 | E9: =1-D9 -> 0.52122394 | F9: =IFERROR(F6/F5,"") -> 0.93366209 | G9: =IFERROR(G6/G5,"") -> 0.95300081 | H9: =IFERROR(H6/H5,"") -> 0.93909217 | I9: =IFERROR(I6/I5,"") -> 0.95112782 | J9: =IFERROR(J6/J5,"") -> 0.82963141 | K9: =IFERROR(K6/K5,"") -> 0.83347165 | L9: =IFERROR(L6/L5,"") -> 0.94188912 | M9: =IFERROR(M6/M5,"") -> 0.9234239 | ... HR9: =IFERROR(HR6/HR5,"") -> 7.5647339 | HS9: =IFERROR(HS7/HS6,"") -> 0.68039183 | HT9: =IFERROR(HT6/HT5,"") -> 0.75837223 | HU9: =IFERROR(HU6/HU5,"") -> 0.7335555 | HV9: =IFERROR(HV6/HV5,"") -> 0.74790245 | HW9: =IFERROR(HW6/HW5,"") -> 0.72385747 | HX9: =IFERROR(HX6/HX5,"") -> 0.72069134 | HY9: =IFERROR(HY6/HY5,"") -> 0.72187397 | HZ9: =IFERROR(HZ6/HZ5,"") -> 0.64191691 | IA9: =IFERROR(IA6/IA5,"") -> 0.66426395 | ... KD9: =IFERROR(KD6/KD5,"") -> 0.67918423 | KE9: =IFERROR(KF6/KF5,"") -> 0.88661654 | KF9: =IFERROR(KG6/KG5,"") -> 0.85973837 | KG9: =IFERROR(KH6/KH5,"") -> 0.87111111 | KH9: =IFERROR(KI6/KI5,"") -> 0.92758808 | KI9: =IFERROR(KJ6/KJ5,"") -> 0.7981756 | KJ9: =IFERROR(KK6/KK5,"") -> 0.59290618 | KK9: =IFERROR(KK6/KK5,"") -> 0.59290618 | KL9: =IFERROR(KL6/KL5,"") -> 0.79580986 | KM9: =IFERROR(KM6/KM5,"") -> 0.81342879 | KN9: =IFERROR(KN6/KN5,"") -> 0.77080411 | KO9: =IFERROR(KO6/KO5,"") -> 0.80082366 | KP9: =IFERROR(KP6/KP5,"") -> 0.7814777 | KQ9: =IFERROR(KQ6/KQ5,"") -> 0.80391422 | KR9: =IFERROR(KR6/KR5,"") -> 0.67007555 | ... NG9: =IFERROR(NG6/NG5,"") -> 0.47877606
B10: Calls Handled in Service Level 20 sec | C10: =INT(AVERAGE(F10:LI10)) -> 6204 | D10: =LOOKUP(2,1/(F10:XA10<>""),F10:XA10) -> 3233 | F10: 7253 | G10: 7836 | H10: 7647 | I10: 8409 | J10: 6136 | K10: 8082 | L10: 8562 | M10: 7921 | N10: 8182 | O10: 8625 | P10: 8146 | Q10: 6510 | R10: 8363 | S10: 8695 | T10: 8443 | U10: 8698 | V10: 8361 | W10: 8760 | X10: 4903 | Y10: 8293 | Z10: 7621 | AA10: 7335 | AB10: 7427 | AC10: 7786 | AD10: 8151 | AE10: 5326 | AF10: 7759 | AG10: 7184 | AH10: 7320 | AI10: 7283 | AJ10: 6547 | AK10: 7688 | AL10: 5015 | AM10: 7438 | AN10: 7934 | AO10: 8912 | AP10: 9488 | AQ10: 9171 | AR10: 8491 | AS10: 4943 | AT10: 3780 | AU10: 6806 | AV10: 6013 | AW10: 6653 | AX10: 7237 | AY10: 7354 | AZ10: 5215 | BA10: 9200 | BB10: 9499 | BC10: 9115 | BD10: 9870 | BE10: 8198 | BF10: 8835 | BG10: 5341 | BH10: 7870 | BI10: 4728 | BJ10: 7749 | BK10: 7610 | BL10: 8900 | BM10: 5411 | BN10: 4053 | BP10: 8452 | BQ10: 7765 | BR10: 8485 | BS10: 6983 | BT10: 7575 | BU10: 4419 | BV10: 6675 | BW10: 1017 | BX10: 7298 | BY10: 4059 | BZ10: 4665 | CA10: 4782 | CB10: 3647 | CC10: 4578 | CD10: 5442 | CE10: 5152 | CF10: 6105 | CG10: 5903 | CH10: 6003 | CI10: 4985 | CJ10: 5521 | CK10: 5878 | CL10: 2952 | CM10: 3461 | CN10: 6378 | CO10: 6350 | CP10: 4968 | CQ10: 5572 | CR10: 6439 | CS10: 5099 | CT10: 5942 | CU10: 6172 | CV10: 5796 | CW10: 4616 | CX10: 5062 | CY10: 6334 | CZ10: 6005 | DA10: 1077 | DB10: 1749 | DC10: 3046 | DD10: 3080 | DE10: 7075 | DF10: 8015 | DG10: 7944 | DH10: 8163 | DI10: 7968 | DJ10: 7484 | DK10: 4795 | DL10: 7402 | DM10: 7401 | DN10: 7426 | DO10: 8092 | DP10: 7446 | DQ10: 4669 | DR10: 3617 | DS10: 7926 | DT10: 7809 | DU10: 7388 | DV10: 8025 | DW10: 7072 | DX10: 6067 | DY10: 5113 | DZ10: 7050 | EA10: 7512 | EB10: 6160 | EC10: 4305 | ED10: 5789 | EE10: 5348 | EF10: 2249 | EG10: 5295 | EH10: 5422 | EI10: 6538 | EJ10: 4750 | EK10: 4997 | EL10: 6578 | EM10: 1522 | EN10: 6130 | EO10: 4946 | EP10: 5823 | EQ10: 5584 | ER10: 6806 | ES10: 6249 | ET10: 1495 | EU10: 6477 | EV10: 6564 | EW10: 7638 | EX10: 6941 | EY10: 7700 | EZ10: 3815 | FA10: 1022 | FB10: 4985 | FC10: 5126 | FD10: 6793 | FE10: 4976 | FF10: 4777 | FG10: 5266 | FH10: 1283 | FI10: 6085 | FJ10: 6164 | FK10: 6404 | FL10: 6333 | FM10: 6216 | FN10: 6107 | FO10: 4332 | FP10: 5320 | FQ10: 0 | FR10: 0 | FS10: 5743 | FT10: 6053 | FU10: 6879 | FV10: 3883 | FW10: 6178 | FX10: 7061 | FY10: 6241 | FZ10: 5832 | GA10: 5828 | GB10: 6552 | GC10: 4772 | GD10: 6023 | GE10: 6298 | GF10: 6112 | GG10: 6701 | GH10: 7555 | GI10: 5771 | GJ10: 3200 | GK10: 6314 | GL10: 7569 | GM10: 8054 | GN10: 8054 | GO10: 3734 | GP10: 3066 | GQ10: 6404 | GR10: 8039 | GS10: 7880 | GT10: 6621 | GU10: 7948 | GV10: 8342 | GW10: 3485 | GX10: 5241 | GY10: 5241 | GZ10: 7414 | HA10: 7366 | HB10: 6308 | HC10: 6939 | HD10: 8150 | HE10: 4359 | HF10: 7797 | HG10: 7339 | HH10: 7591 | HI10: 7570 | HJ10: 6628 | HK10: 6822 | HL10: 3509 | HM10: 5977 | HN10: 6524 | HO10: 6232 | HP10: 6822 | HQ10: 6912 | HR10: 6942 | HS10: 3486 | HT10: 6738 | HU10: 6188 | HV10: 6123 | HW10: 5819 | HX10: 5182 | HY10: 5612 | HZ10: 3583 | IA10: 4216 | IB10: 4559 | IC10: 6278 | ID10: 5723 | IE10: 5973 | IF10: 5146 | IG10: 5164 | IH10: 5780 | II10: 6111 | IJ10: 6135 | IK10: 6017 | IL10: 5110 | IM10: 6245 | IN10: 5265 | IO10: 5651 | IP10: 5359 | IQ10: 5792 | IR10: 5876 | IS10: 5041 | IT10: 5057 | IU10: 1709 | IV10: 5487 | IW10: 5137 | IX10: 5926 | IY10: 6172 | IZ10: 6434 | JA10: 6535 | JB10: 3642 | JC10: 6104 | JD10: 6041 | JE10: 6025 | JF10: 6681 | JG10: 6447 | JH10: 7399 | JI10: 2716 | JJ10: 5586 | JK10: 6993 | JL10: 6883 | JM10: 7022 | JN10: 6449 | JO10: 5844 | JP10: 3412 | JQ10: 5455 | JR10: 6627 | JS10: 5790 | JT10: 6842 | JU10: 6964 | JV10: 6738 | JW10: 3350 | JX10: 6545 | JY10: 6622 | JZ10: 6328 | KA10: 7637 | KB10: 7143 | KC10: 8226 | KD10: 4886 | KE10: 7775 | KF10: 7652 | KG10: 6946 | KH10: 7425 | KI10: 7497 | KJ10: 6898 | KK10: 2871 | KL10: 8522 | KM10: 8855 | KN10: 5391 | KO10: 8473 | KP10: 6967 | KQ10: 7936 | KR10: 4292 | KS10: 7904 | KT10: 7583 | KU10: 7349 | KV10: 7609 | KW10: 7423 | KX10: 7424 | KY10: 3233
B11: Percent Service Level in 20 sec | C11: =AVERAGE(F11:LI11) -> 0.58578276 | D11: =LOOKUP(2,1/(F11:XA11<>""),F11:XA11) -> 0 | F11: =IFERROR(F10/F5,"") -> 0.85159094 | G11: =IFERROR(G10/G5,"") -> 0.90266098 | H11: =IFERROR(H10/H5,"") -> 0.88547939 | I11: =IFERROR(I10/I5,"") -> 0.90322234 | J11: =IFERROR(J10/J5,"") -> 0.73670309 | K11: =IFERROR(K10/K5,"") -> 0.74522822 | L11: =IFERROR(L10/L5,"") -> 0.87905544 | M11: =IFERROR(M10/M5,"") -> 0.83090318 | ... HR11: =IFERROR(HR10/HR5,"") -> 5.5138999 | HS11: =IFERROR(HS10/HS6,"") -> 0.57878134 | HT11: =IFERROR(HT10/HT5,"") -> 0.5517072 | HU11: =IFERROR(HU10/HU5,"") -> 0.49099421 | HV11: =IFERROR(HV10/HV5,"") -> 0.48012232 | HW11: =IFERROR(HW10/HW5,"") -> 0.45073586 | HX11: =IFERROR(HX10/HX5,"") -> 0.42246861 | HY11: =IFERROR(HY10/HY5,"") -> 0.46288354 | HZ11: =IFERROR(HZ10/HZ5,"") -> 0.36846977 | IA11: =IFERROR(IA10/IA5,"") -> 0.3132942 | ... JT11: =IFERROR(JT10/JT5,"") -> 0.68950922 | JU11: =IFERROR(JU10/JU6,"") -> 0.84720195 | JV11: =IFERROR(JV10/JV5,"") -> 0.65646921 | JW11: =IFERROR(JW10/JW5,"") -> 0.35226078 | JX11: =IFERROR(JX10/JX5,"") -> 0.61082594 | JY11: =IFERROR(JY10/JY5,"") -> 0.69624645 | JZ11: =IFERROR(JZ10/JZ5,"") -> 0.77378332 | KA11: =IFERROR(KA10/KA5,"") -> 0.73687765 | KB11: =IFERROR(KB10/KB6,"") -> 0.78823659 | KC11: =IFERROR(KC10/KC5,"") -> 0.72221247 | KD11: =IFERROR(KD10/KD5,"") -> 0.47906658 | KE11: =IFERROR(KE10/KF5,"") -> 0.77944862 | KF11: =IFERROR(KF10/KG5,"") -> 0.79443522 | KG11: =IFERROR(KG10/KH5,"") -> 0.67111111 | KH11: =IFERROR(KH10/KI5,"") -> 0.80487805 | KI11: =IFERROR(KI10/KJ5,"") -> 0.6575739 | KJ11: =IFERROR(KJ10/KK5,"") -> 0.52616323 | KK11: =IFERROR(KK10/KK5,"") -> 0.21899314 | KL11: =IFERROR(KL10/KL5,"") -> 0.53940123 | KM11: =IFERROR(KM10/KM5,"") -> 0.53275976 | KN11: =IFERROR(KN10/KN5,"") -> 0.31504208 | KO11: =IFERROR(KO10/KO5,"") -> 0.52870336 | KP11: =IFERROR(KP10/KP5,"") -> 0.47442969 | KQ11: =IFERROR(KQ10/KQ5,"") -> 0.59508098 | KR11: =IFERROR(KR10/KR5,"") -> 0.39543026 | ... NG11: =IFERROR(NG10/NG5,"") -> 0
B12: Target of Percent Calls Handled | F12: 0.95 | G12: 0.95 | H12: 0.95 | I12: 0.95 | J12: 0.95 | K12: 0.95 | L12: 0.95 | M12: 0.95 | N12: 0.95 | O12: 0.95 | P12: 0.95 | Q12: 0.95 | R12: 0.95 | S12: 0.95 | T12: 0.95 | U12: 0.95 | V12: 0.95 | W12: 0.95 | X12: 0.95 | Y12: 0.95 | Z12: 0.95 | AA12: 0.95 | AB12: 0.95 | AC12: 0.95 | AD12: 0.95 | AE12: 0.95 | AF12: 0.95 | AG12: 0.95 | AH12: 0.95 | AI12: 0.95 | AJ12: 0.95 | AK12: 0.95 | AL12: 0.95 | AM12: 0.95 | AN12: 0.95 | AO12: 0.95 | AP12: 0.95 | AQ12: 0.95 | AR12: 0.95 | AS12: 0.95 | AT12: 0.95 | AU12: 0.95 | AV12: 0.95 | AW12: 0.95 | AX12: 0.95 | AY12: 0.95 | AZ12: 0.95 | BA12: 0.95 | BB12: 0.95 | BC12: 0.95 | BD12: 0.95 | BE12: 0.95 | BF12: 0.95 | BG12: 0.95 | BH12: 0.95 | BI12: 0.95 | BJ12: 0.95 | BK12: 0.95 | BL12: 0.95 | BM12: 0.95 | BN12: 0.95 | BO12: 0.95 | BP12: 0.95 | BQ12: 0.95 | BR12: 0.95 | BS12: 0.95 | BT12: 0.95 | BU12: 0.95 | BV12: 0.95 | BW12: 0.95 | BX12: 0.95 | BY12: 0.95 | BZ12: 0.95 | CA12: 0.95 | CB12: 0.95 | CC12: 0.95 | CD12: 0.95 | CE12: 0.95 | CF12: 0.95 | CG12: 0.95 | CH12: 0.95 | CI12: 0.95 | CJ12: 0.95 | CK12: 0.95 | CL12: 0.95 | CM12: 0.95 | CN12: 0.95 | CO12: 0.95 | CP12: 0.95 | CQ12: 0.95 | CR12: 0.95 | CS12: 0.95 | CT12: 0.95 | CU12: 0.95 | CV12: 0.95 | CW12: 0.95 | CX12: 0.95 | CY12: 0.95 | CZ12: 0.95 | DA12: 0.95 | DB12: 0.95 | DC12: 0.95 | DD12: 0.95 | DE12: 0.95 | DF12: 0.95 | DG12: 0.95 | DH12: 0.95 | DI12: 0.95 | DJ12: 0.95 | DK12: 0.95 | DL12: 0.95 | DM12: 0.95 | DN12: 0.95 | DO12: 0.95 | DP12: 0.95 | DQ12: 0.95 | DR12: 0.95 | DS12: 0.95 | DT12: 0.95 | DU12: 0.95 | DV12: 0.95 | DW12: 0.95 | DX12: 0.95 | DY12: 0.95 | DZ12: 0.95 | EA12: 0.95 | EB12: 0.95 | EC12: 0.95 | ED12: 0.95 | EE12: 0.95 | EF12: 0.95 | EG12: 0.95 | EH12: 0.95 | EI12: 0.95 | EJ12: 0.95 | EK12: 0.95 | EL12: 0.95 | EM12: 0.95 | EN12: 0.95 | EO12: 0.95 | EP12: 0.95 | EQ12: 0.95 | ER12: 0.95 | ES12: 0.95 | ET12: 0.95 | EU12: 0.95 | EV12: 0.95 | EW12: 0.95 | EX12: 0.95 | EY12: 0.95 | EZ12: 0.95 | FA12: 0.95 | FB12: 0.95 | FC12: 0.95 | FD12: 0.95 | FE12: 0.95 | FF12: 0.95 | FG12: 0.95 | FH12: 0.95 | FI12: 0.95 | FJ12: 0.95 | FK12: 0.95 | FL12: 0.95 | FM12: 0.95 | FN12: 0.95 | FO12: 0.95 | FP12: 0.95 | FQ12: 0.95 | FR12: 0.95 | FS12: 0.95 | FT12: 0.95 | FU12: 0.95 | FV12: 0.95 | FW12: 0.95 | FX12: 0.95 | FY12: 0.95 | FZ12: 0.95 | GA12: 0.95 | GB12: 0.95 | GC12: 0.95 | GD12: 0.95 | GE12: 0.95 | GF12: 0.95 | GG12: 0.95 | GH12: 0.95 | GI12: 0.95 | GJ12: 0.95 | GK12: 0.95 | GL12: 0.95 | GM12: 0.95 | GN12: 0.95 | GO12: 0.95 | GP12: 0.95 | GQ12: 0.95 | GR12: 0.95 | GS12: 0.95 | GT12: 0.95 | GU12: 0.95 | GV12: 0.95 | GW12: 0.95 | GX12: 0.95 | GY12: 0.95 | GZ12: 0.95 | HA12: 0.95 | HB12: 0.95 | HC12: 0.95 | HD12: 0.95 | HE12: 0.95 | HF12: 0.95 | HG12: 0.95 | HH12: 0.95 | HI12: 0.95 | HJ12: 0.95 | HK12: 0.95 | HL12: 0.95 | HM12: 0.95 | HN12: 0.95 | HO12: 0.95 | HP12: 0.95 | HQ12: 0.95 | HR12: 0.95 | HS12: 0.95 | HT12: 0.95 | HU12: 0.95 | HV12: 0.95 | HW12: 0.95 | HX12: 0.95 | HY12: 0.95 | HZ12: 0.95 | IA12: 0.95 | IB12: 0.95 | IC12: 0.95 | ID12: 0.95 | IE12: 0.95 | IF12: 0.95 | IG12: 0.95 | IH12: 0.95 | II12: 0.95 | IJ12: 0.95 | IK12: 0.95 | IL12: 0.95 | IM12: 0.95 | IN12: 0.95 | IO12: 0.95 | IP12: 0.95 | IQ12: 0.95 | IR12: 0.95 | IS12: 0.95 | IT12: 0.95 | IU12: 0.95 | IV12: 0.95 | IW12: 0.95 | IX12: 0.95 | IY12: 0.95 | IZ12: 0.95 | JA12: 0.95 | JB12: 0.95 | JC12: 0.95 | JD12: 0.95 | JE12: 0.95 | JF12: 0.95 | JG12: 0.95 | JH12: 0.95 | JI12: 0.95 | JJ12: 0.95 | JK12: 0.95 | JL12: 0.95 | JM12: 0.95 | JN12: 0.95 | JO12: 0.95 | JP12: 0.95 | JQ12: 0.95 | JR12: 0.95 | JS12: 0.95 | JT12: 0.95 | JU12: 0.95 | JV12: 0.95 | JW12: 0.95 | JX12: 0.95 | JY12: 0.95 | JZ12: 0.95 | KA12: 0.95 | KB12: 0.95 | KC12: 0.95 | KD12: 0.95 | KE12: 0.95 | KF12: 0.95 | KG12: 0.95 | KH12: 0.95 | KI12: 0.95 | KJ12: 0.95 | KK12: 0.95 | KL12: 0.95 | KM12: 0.95 | KN12: 0.95 | KO12: 0.95 | KP12: 0.95 | KQ12: 0.95 | KR12: 0.95 | KS12: 0.95 | KT12: 0.95 | KU12: 0.95 | KV12: 0.95 | KW12: 0.95 | KX12: 0.95 | KY12: 0.95 | KZ12: 0.95 | LA12: 0.95 | LB12: 0.95 | LC12: 0.95 | LD12: 0.95 | LE12: 0.95 | LF12: 0.95 | LG12: 0.95 | LH12: 0.95 | LI12: 0.95 | LJ12: 0.95 | LK12: 0.95 | LL12: 0.95 | LM12: 0.95 | LN12: 0.95 | LO12: 0.95 | LP12: 0.95 | LQ12: 0.95 | LR12: 0.95 | LS12: 0.95 | LT12: 0.95 | LU12: 0.95 | LV12: 0.95 | LW12: 0.95 | LX12: 0.95 | LY12: 0.95 | LZ12: 0.95 | MA12: 0.95 | MB12: 0.95 | MC12: 0.95 | MD12: 0.95 | ME12: 0.95 | MF12: 0.95 | MG12: 0.95 | MH12: 0.95 | MI12: 0.95 | MJ12: 0.95 | MK12: 0.95 | ML12: 0.95 | MM12: 0.95 | MN12: 0.95 | MO12: 0.95 | MP12: 0.95 | MQ12: 0.95 | MR12: 0.95 | MS12: 0.95 | MT12: 0.95 | MU12: 0.95 | MV12: 0.95 | MW12: 0.95 | MX12: 0.95 | MY12: 0.95 | MZ12: 0.95 | NA12: 0.95 | NB12: 0.95 | NC12: 0.95 | ND12: 0.95 | NE12: 0.95 | NF12: 0.95 | NG12: 0.95
B13: Target of Percent Service Level in 20 sec | F13: 0.85 | G13: 0.85 | H13: 0.85 | I13: 0.85 | J13: 0.85 | K13: 0.85 | L13: 0.85 | M13: 0.85 | N13: 0.85 | O13: 0.85 | P13: 0.85 | Q13: 0.85 | R13: 0.85 | S13: 0.85 | T13: 0.85 | U13: 0.85 | V13: 0.85 | W13: 0.85 | X13: 0.85 | Y13: 0.85 | Z13: 0.85 | AA13: 0.85 | AB13: 0.85 | AC13: 0.85 | AD13: 0.85 | AE13: 0.85 | AF13: 0.85 | AG13: 0.85 | AH13: 0.85 | AI13: 0.85 | AJ13: 0.85 | AK13: 0.85 | AL13: 0.85 | AM13: 0.85 | AN13: 0.85 | AO13: 0.85 | AP13: 0.85 | AQ13: 0.85 | AR13: 0.85 | AS13: 0.85 | AT13: 0.85 | AU13: 0.85 | AV13: 0.85 | AW13: 0.85 | AX13: 0.85 | AY13: 0.85 | AZ13: 0.85 | BA13: 0.85 | BB13: 0.85 | BC13: 0.85 | BD13: 0.85 | BE13: 0.85 | BF13: 0.85 | BG13: 0.85 | BH13: 0.85 | BI13: 0.85 | BJ13: 0.85 | BK13: 0.85 | BL13: 0.85 | BM13: 0.85 | BN13: 0.85 | BO13: 0.85 | BP13: 0.85 | BQ13: 0.85 | BR13: 0.85 | BS13: 0.85 | BT13: 0.85 | BU13: 0.85 | BV13: 0.85 | BW13: 0.85 | BX13: 0.85 | BY13: 0.85 | BZ13: 0.85 | CA13: 0.85 | CB13: 0.85 | CC13: 0.85 | CD13: 0.85 | CE13: 0.85 | CF13: 0.85 | CG13: 0.85 | CH13: 0.85 | CI13: 0.85 | CJ13: 0.85 | CK13: 0.85 | CL13: 0.85 | CM13: 0.85 | CN13: 0.85 | CO13: 0.85 | CP13: 0.85 | CQ13: 0.85 | CR13: 0.85 | CS13: 0.85 | CT13: 0.85 | CU13: 0.85 | CV13: 0.85 | CW13: 0.85 | CX13: 0.85 | CY13: 0.85 | CZ13: 0.85 | DA13: 0.85 | DB13: 0.85 | DC13: 0.85 | DD13: 0.85 | DE13: 0.85 | DF13: 0.85 | DG13: 0.85 | DH13: 0.85 | DI13: 0.85 | DJ13: 0.85 | DK13: 0.85 | DL13: 0.85 | DM13: 0.85 | DN13: 0.85 | DO13: 0.85 | DP13: 0.85 | DQ13: 0.85 | DR13: 0.85 | DS13: 0.85 | DT13: 0.85 | DU13: 0.85 | DV13: 0.85 | DW13: 0.85 | DX13: 0.85 | DY13: 0.85 | DZ13: 0.85 | EA13: 0.85 | EB13: 0.85 | EC13: 0.85 | ED13: 0.85 | EE13: 0.85 | EF13: 0.85 | EG13: 0.85 | EH13: 0.85 | EI13: 0.85 | EJ13: 0.85 | EK13: 0.85 | EL13: 0.85 | EM13: 0.85 | EN13: 0.85 | EO13: 0.85 | EP13: 0.85 | EQ13: 0.85 | ER13: 0.85 | ES13: 0.85 | ET13: 0.85 | EU13: 0.85 | EV13: 0.85 | EW13: 0.85 | EX13: 0.85 | EY13: 0.85 | EZ13: 0.85 | FA13: 0.85 | FB13: 0.85 | FC13: 0.85 | FD13: 0.85 | FE13: 0.85 | FF13: 0.85 | FG13: 0.85 | FH13: 0.85 | FI13: 0.85 | FJ13: 0.85 | FK13: 0.85 | FL13: 0.85 | FM13: 0.85 | FN13: 0.85 | FO13: 0.85 | FP13: 0.85 | FQ13: 0.85 | FR13: 0.85 | FS13: 0.85 | FT13: 0.85 | FU13: 0.85 | FV13: 0.85 | FW13: 0.85 | FX13: 0.85 | FY13: 0.85 | FZ13: 0.85 | GA13: 0.85 | GB13: 0.85 | GC13: 0.85 | GD13: 0.85 | GE13: 0.85 | GF13: 0.85 | GG13: 0.85 | GH13: 0.85 | GI13: 0.85 | GJ13: 0.85 | GK13: 0.85 | GL13: 0.85 | GM13: 0.85 | GN13: 0.85 | GO13: 0.85 | GP13: 0.85 | GQ13: 0.85 | GR13: 0.85 | GS13: 0.85 | GT13: 0.85 | GU13: 0.85 | GV13: 0.85 | GW13: 0.85 | GX13: 0.85 | GY13: 0.85 | GZ13: 0.85 | HA13: 0.85 | HB13: 0.85 | HC13: 0.85 | HD13: 0.85 | HE13: 0.85 | HF13: 0.85 | HG13: 0.85 | HH13: 0.85 | HI13: 0.85 | HJ13: 0.85 | HK13: 0.85 | HL13: 0.85 | HM13: 0.85 | HN13: 0.85 | HO13: 0.85 | HP13: 0.85 | HQ13: 0.85 | HR13: 0.85 | HS13: 0.85 | HT13: 0.85 | HU13: 0.85 | HV13: 0.85 | HW13: 0.85 | HX13: 0.85 | HY13: 0.85 | HZ13: 0.85 | IA13: 0.85 | IB13: 0.85 | IC13: 0.85 | ID13: 0.85 | IE13: 0.85 | IF13: 0.85 | IG13: 0.85 | IH13: 0.85 | II13: 0.85 | IJ13: 0.85 | IK13: 0.85 | IL13: 0.85 | IM13: 0.85 | IN13: 0.85 | IO13: 0.85 | IP13: 0.85 | IQ13: 0.85 | IR13: 0.85 | IS13: 0.85 | IT13: 0.85 | IU13: 0.85 | IV13: 0.85 | IW13: 0.85 | IX13: 0.85 | IY13: 0.85 | IZ13: 0.85 | JA13: 0.85 | JB13: 0.85 | JC13: 0.85 | JD13: 0.85 | JE13: 0.85 | JF13: 0.85 | JG13: 0.85 | JH13: 0.85 | JI13: 0.85 | JJ13: 0.85 | JK13: 0.85 | JL13: 0.85 | JM13: 0.85 | JN13: 0.85 | JO13: 0.85 | JP13: 0.85 | JQ13: 0.85 | JR13: 0.85 | JS13: 0.85 | JT13: 0.85 | JU13: 0.85 | JV13: 0.85 | JW13: 0.85 | JX13: 0.85 | JY13: 0.85 | JZ13: 0.85 | KA13: 0.85 | KB13: 0.85 | KC13: 0.85 | KD13: 0.85 | KE13: 0.85 | KF13: 0.85 | KG13: 0.85 | KH13: 0.85 | KI13: 0.85 | KJ13: 0.85 | KK13: 0.85 | KL13: 0.85 | KM13: 0.85 | KN13: 0.85 | KO13: 0.85 | KP13: 0.85 | KQ13: 0.85 | KR13: 0.85 | KS13: 0.85 | KT13: 0.85 | KU13: 0.85 | KV13: 0.85 | KW13: 0.85 | KX13: 0.85 | KY13: 0.85 | KZ13: 0.85 | LA13: 0.85 | LB13: 0.85 | LC13: 0.85 | LD13: 0.85 | LE13: 0.85 | LF13: 0.85 | LG13: 0.85 | LH13: 0.85 | LI13: 0.85 | LJ13: 0.85 | LK13: 0.85 | LL13: 0.85 | LM13: 0.85 | LN13: 0.85 | LO13: 0.85 | LP13: 0.85 | LQ13: 0.85 | LR13: 0.85 | LS13: 0.85 | LT13: 0.85 | LU13: 0.85 | LV13: 0.85 | LW13: 0.85 | LX13: 0.85 | LY13: 0.85 | LZ13: 0.85 | MA13: 0.85 | MB13: 0.85 | MC13: 0.85 | MD13: 0.85 | ME13: 0.85 | MF13: 0.85 | MG13: 0.85 | MH13: 0.85 | MI13: 0.85 | MJ13: 0.85 | MK13: 0.85 | ML13: 0.85 | MM13: 0.85 | MN13: 0.85 | MO13: 0.85 | MP13: 0.85 | MQ13: 0.85 | MR13: 0.85 | MS13: 0.85 | MT13: 0.85 | MU13: 0.85 | MV13: 0.85 | MW13: 0.85 | MX13: 0.85 | MY13: 0.85 | MZ13: 0.85 | NA13: 0.85 | NB13: 0.85 | NC13: 0.85 | ND13: 0.85 | NE13: 0.85 | NF13: 0.85 | NG13: 0.85
D14: Avg-Calls Handled per Month | E14: Target
B15: Percent Calls Handled per Month | C15: Jan | D15: =IFERROR(AVERAGE(F9:AJ9),0) -> 0.90519201 | E15: 0.95
C16: Feb | D16: =IFERROR(AVERAGE(AK9:BL9),0) -> 0.8219999 | E16: 0.95
C17: Mar | D17: =IFERROR(AVERAGE(BM9:CQ9),0) -> 0.68299729 | E17: 0.95
C18: Apr | D18: =IFERROR(AVERAGE(CR9:DU9),0) -> 0.6798014 | E18: 0.95
C19: May | D19: =IFERROR(AVERAGE(DV9:EZ9),0) -> 0.98651119 | E19: 0.95
C20: Jun | D20: =IFERROR(AVERAGE(FA9:GD9),0) -> 0.62776073 | E20: 0.95
C21: Jul | D21: =IFERROR(AVERAGE(GE9:HI9),0) -> 0.69646053 | E21: 0.95
C22: Aug | D22: =IFERROR((AVERAGE(HJ9:IN9)),0) -> 0.94070732 | E22: 0.95
C23: Sep | D23: =IFERROR(AVERAGE(IO9:JR9),0) -> 0.74481563 | E23: 0.95
C24: Oct | D24: =IFERROR(AVERAGE(JS9:KW9),0) -> 0.80877891 | E24: 0.95
C25: Nov | D25: =IFERROR(AVERAGE(KX9:MA9),0) -> 0.39640459 | E25: 0.95
C26: Dec | D26: =IFERROR(AVERAGE(MB9:NF9),0) -> 0.45017177 | E26: 0.95
C27: Avg | D27: Last Rec | F27: =F3 -> 45292 | G27: =G3 -> 45293 | H27: =H3 -> 45294 | I27: =I3 -> 45295 | J27: =J3 -> 45296 | K27: =K3 -> 45297 | L27: =L3 -> 45298 | M27: =M3 -> 45299 | ... NG27: =NG3 -> 31-12
B28: Avg Handle Time | C28: =AVERAGE(F28:LI28) -> 0.0012515179 | D28: =LOOKUP(2,1/(F28:XA28<>""),F28:XA28) -> 0.0012847222 | F28: 0.0011921296 | G28: 0.00125 | H28: 0.0012731481 | I28: 0.0012268519 | J28: 0.0011805556 | K28: 0.0011921296 | L28: 0.0012268519 | M28: 0.0012037037 | N28: 0.0012152778 | O28: 0.0011921296 | P28: 0.00125 | Q28: 0.0011574074 | R28: 0.00125 | S28: 0.00125 | T28: 0.0012268519 | U28: 0.0012037037 | V28: 0.0012037037 | W28: 0.0011574074 | X28: 0.0011574074 | Y28: 0.0012037037 | Z28: 0.0012384259 | AA28: 0.0012384259 | AB28: 0.0012384259 | AC28: 0.0012268519 | AD28: 0.0012731481 | AE28: 0.0011458333 | AF28: 0.0012037037 | AG28: 0.0012384259 | AH28: 0.0012268519 | AI28: 0.0012384259 | AJ28: 0.00125 | AK28: 0.0012384259 | AL28: 0.0011458333 | AM28: 0.00125 | AN28: 0.0012152778 | AO28: 0.0012152778 | AP28: 0.0011921296 | AQ28: 0.0011805556 | AR28: 0.0011921296 | AS28: 0.0010763889 | AT28: 0.0012615741 | AU28: 0.00125 | AV28: 0.0013078704 | AW28: 0.0012384259 | AX28: 0.0012268519 | AY28: 0.0012037037 | AZ28: 0.0011458333 | BA28: 0.0011111111 | BB28: 0.0011342593 | BC28: 0.0012152778 | BD28: 0.0011921296 | BE28: 0.0011921296 | BF28: 0.0011574074 | BG28: 0.0010648148 | BH28: 0.0011111111 | BI28: 0.0012847222 | BJ28: 0.0011342593 | BK28: 0.0011805556 | BL28: 0.0011805556 | BM28: 0.0012615741 | BN28: 0.0011574074 | BO28: 0.0011921296 | BP28: 0.0011689815 | BQ28: 0.0011805556 | BR28: 0.0011342593 | BS28: 0.0012268519 | BT28: 0.0012384259 | BU28: 0.0011458333 | BV28: 0.0012152778 | BW28: 0.0012615741 | BX28: 0.0013078704 | BY28: 0.0012615741 | BZ28: 0.0012962963 | CA28: 0.0012615741 | CB28: 0.0013657407 | CC28: 0.0013310185 | CD28: 0.0012731481 | CE28: 0.0012962963 | CF28: 0.0012615741 | CG28: 0.0012615741 | CH28: 0.0012384259 | CI28: 0.0012268519 | CJ28: 0.0012152778 | CK28: 0.0012152778 | CL28: 0.0013888889 | CM28: 0.0012268519 | CN28: 0.0011921296 | CO28: 0.0012037037 | CP28: 0.0012152778 | CQ28: 0.0012152778 | CR28: 0.0012037037 | CS28: 0.00125 | CT28: 0.0012268519 | CU28: 0.0012152778 | CV28: 0.0012152778 | CW28: 0.0012152778 | CX28: 0.0012268519 | CY28: 0.0011574074 | CZ28: 0.0011689815 | DA28: 0.0011342593 | DB28: 0.0011921296 | DC28: 0.0012731481 | DD28: 0.00125 | DE28: 0.0012152778 | DF28: 0.0012615741 | DG28: 0.0012268519 | DH28: 0.00125 | DI28: 0.0012152778 | DJ28: 0.0012268519 | DK28: 0.0011921296 | DL28: 0.0012037037 | DM28: 0.0011921296 | DN28: 0.0011574074 | DO28: 0.0011458333 | DP28: 0.0011689815 | DQ28: 0.0011805556 | DR28: 0.0011574074 | DS28: 0.0011805556 | DT28: 0.0011689815 | DU28: 0.0011805556 | DV28: 0.0011458333 | DW28: 0.0011689815 | DX28: 0.0011689815 | DY28: 0.0011342593 | DZ28: 0.0011342593 | EA28: 0.0011458333 | EB28: 0.0012268519 | EC28: 0.0012268519 | ED28: 0.0012152778 | EE28: 0.0012268519 | EF28: 0.00125 | EG28: 0.0012731481 | EH28: 0.0012268519 | EI28: 0.0012152778 | EJ28: 0.0012962963 | EK28: 0.0012962963 | EL28: 0.0012152778 | EM28: 0.0013194444 | EN28: 0.0013310185 | EO28: 0.0013425926 | EP28: 0.0013078704 | EQ28: 0.0012152778 | ER28: 0.0012384259 | ES28: 0.0011805556 | ET28: 0.0012731481 | EU28: 0.0012384259 | EV28: 0.0012268519 | EW28: 0.0011342593 | EX28: 0.0011805556 | EY28: 0.0011689815 | EZ28: 0.0012615741 | FA28: 0.0013425926 | FB28: 0.0012731481 | FC28: 0.0012268519 | FD28: 0.0011921296 | FE28: 0.0011921296 | FF28: 0.0012268519 | FG28: 0.0012268519 | FH28: 0.0012152778 | FI28: 0.0012384259 | FJ28: 0.0011574074 | FK28: 0.0011921296 | FL28: 0.0011921296 | FM28: 0.0012615741 | FN28: 0.0012847222 | FO28: 0.0012731481 | FP28: 0.0012037037 | FQ28: 0.0010763889 | FR28: 0 | FS28: 0.0012615741 | FT28: 0.0012037037 | FU28: 0.00125 | FV28: 0.0012152778 | FW28: 0.0012152778 | FX28: 0.0012152778 | FY28: 0.0012615741 | FZ28: 0.0012615741 | GA28: 0.0012731481 | GB28: 0.0012268519 | GC28: 0.0011458333 | GD28: 0.0012847222 | GE28: 0.0013078704 | GF28: 0.0013425926 | GG28: 0.0013425926 | GH28: 0.0012962963 | GI28: 0.0013078704 | GJ28: 0.0012962963 | GK28: 0.0013425926 | GL28: 0.0012962963 | GM28: 0.0012962963 | GN28: 0.0013425926 | GO28: 0.001412037 | GP28: 0.0012615741 | GQ28: 0.0013310185 | GR28: 0.0013310185 | GS28: 0.0013310185 | GT28: 0.0013078704 | GU28: 0.0013194444 | GV28: 0.0012731481 | GW28: 0.0013425926 | GX28: 0.0013888889 | GY28: 0.0013888889 | GZ28: 0.0013194444 | HA28: 0.00125 | HB28: 0.0012847222 | HC28: 0.0012615741 | HD28: 0.0012384259 | HE28: 0.0012615741 | HF28: 0.0012731481 | HG28: 0.0012962963 | HH28: 0.0013078704 | HI28: 0.0012731481 | HJ28: 0.0012962963 | HK28: 0.0012615741 | HL28: 0.0012731481 | HM28: 0.0012615741 | HN28: 0.0012615741 | HO28: 0.0012384259 | HP28: 0.0012847222 | HQ28: 0.00125 | HR28: 0.0012615741 | HS28: 0.00125 | HT28: 0.0012847222 | HU28: 0.0012615741 | HV28: 0.0012615741 | HW28: 0.0013078704 | HX28: 0.0012615741 | HY28: 0.0012847222 | HZ28: 0.00125 | IA28: 0.0014351852 | IB28: 0.001400463 | IC28: 0.0012847222 | ID28: 0.0012962963 | IE28: 0.0013078704 | IF28: 0.0013425926 | IG28: 0.0013425926 | IH28: 0:1;53 | II28: 0.0012847222 | IJ28: 0.0012615741 | IK28: 0.0012962963 | IL28: 0.0013425926 | IM28: 0.0012731481 | IN28: 0.0012268519 | IO28: 0.0012847222 | IP28: 0.0013657407 | IQ28: 0.0013657407 | IR28: 0.0013194444 | IS28: 0.0013425926 | IT28: 0.0013078704 | IU28: 0.0012962963 | IV28: 0.0013541667 | IW28: 0.0013078704 | IX28: 0.0012847222 | IY28: 0.0013773148 | IZ28: 0.0013194444 | JA28: 0.0013078704 | JB28: 0.0012731481 | JC28: 0.0013194444 | JD28: 0.00125 | JE28: 0.0012962963 | JF28: 0.0013078704 | JG28: 0.0013310185 | JH28: 0.0013310185 | JI28: 0.0012847222 | JJ28: 0.0013310185 | JK28: 0.0013773148 | JL28: 0.0013425926 | JM28: 0.0013657407 | JN28: 0.0013194444 | JO28: 0.0013078704 | JP28: 0.00125 | JQ28: 0.0013425926 | JR28: 0.0013310185 | JS28: 0.0014583333 | JT28: 0.0013657407 | JU28: 0.001400463 | JV28: 0.0013425926 | JW28: 0.0013310185 | JX28: 0.0013657407 | JY28: 0.0013773148 | JZ28: 0.0014236111 | KA28: 0.001400463 | KB28: 0.0013657407 | KC28: 0.0013194444 | KD28: 0.00125 | KE28: 0.0013194444 | KF28: 0.0013657407 | KG28: 0.0013425926 | KH28: 0.0013541667 | KI28: 0.0013657407 | KJ28: 0.0013425926 | KK28: 0.0012962963 | KL28: 0.0012384259 | KM28: 0.0012384259 | KN28: 0.0012384259 | KO28: 0.0012962963 | KP28: 0.0012847222 | KQ28: 0.0013078704 | KR28: 0.0012615741 | KS28: 0.0012731481 | KT28: 0.0013078704 | KU28: 0.0013078704 | KV28: 0.0012962963 | KW28: 0.0013078704 | KX28: 0.0013194444 | KY28: 0.0012847222
B29: Max Handle Time | C29: =AVERAGE(F29:LI29) -> 0.014040827 | D29: =LOOKUP(2,1/(F29:XA29<>""),F29:XA29) -> 0.01162037 | F29: 0.012974537 | G29: 0.022372685 | H29: 0.014895833 | I29: 0.013402778 | J29: 0.015011574 | K29: 0.013252315 | L29: 0.020706019 | M29: 0.012488426 | N29: 0.01193287 | O29: 0.033657407 | P29: 0.012569444 | Q29: 0.011435185 | R29: 0.016574074 | S29: 0.012997685 | T29: 0.012060185 | U29: 0.018738426 | V29: 0.010023148 | W29: 0.013506944 | X29: 0.019976852 | Y29: 0.010983796 | Z29: 0.013298611 | AA29: 0.011886574 | AB29: 0.015 | AC29: 0.011435185 | AD29: 0.013356481 | AE29: 0.0093865741 | AF29: 0.014340278 | AG29: 0.011412037 | AH29: 0.013923611 | AI29: 0.015474537 | AJ29: 0.013483796 | AK29: 0.011898148 | AL29: 0.012789352 | AM29: 0.014236111 | AN29: 0.031793981 | AO29: 0.0090740741 | AP29: 0.013101852 | AQ29: 0.010393519 | AR29: 0.011273148 | AS29: 0.0097916667 | AT29: 0.021550926 | AU29: 0.037106481 | AV29: 0.014247685 | AW29: 0.011909722 | AX29: 0.015451389 | AY29: 0.016956019 | AZ29: 0.010706019 | BA29: 0.014074074 | BB29: 0.013553241 | BC29: 0.015717593 | BD29: 0.014537037 | BE29: 0.016365741 | BF29: 0.011585648 | BG29: 0.010590278 | BH29: 0.013773148 | BI29: 0.022268519 | BJ29: 0.012361111 | BK29: 0.010590278 | BL29: 0.01244213 | BM29: 0.012777778 | BN29: 0.01037037 | BO29: 0.012696759 | BP29: 0.014791667 | BQ29: 0.016516204 | BR29: 0.011134259 | BS29: 0.013680556 | BT29: 0.01462963 | BU29: 0.018090278 | BV29: 0.016412037 | BW29: 0.0082060185 | BX29: 0.012696759 | BY29: 0.013958333 | BZ29: 0.012233796 | CA29: 0.0121875 | CB29: 0.011770833 | CC29: 0.01755787 | CD29: 0.010127315 | CE29: 0.011296296 | CF29: 0.0125 | CG29: 0.013703704 | CH29: 0.015439815 | CI29: 0.013715278 | CJ29: 0.0096875 | CK29: 0.010428241 | CL29: 0.012268519 | CM29: 0.0121875 | CN29: 0.0091319444 | CO29: 0.01369213 | CP29: 0.0096412037 | CQ29: 0.012233796 | CR29: 0.014131944 | CS29: 0.013043981 | CT29: 0.0092939815 | CU29: 0.017372685 | CV29: 0.0095486111 | CW29: 0.012743056 | CX29: 0.015810185 | CY29: 0.012777778 | CZ29: 0.010810185 | DA29: 0.010694444 | DB29: 0.01 | DC29: 0.01287037 | DD29: 0.015219907 | DE29: 0.018449074 | DF29: 0.01380787 | DG29: 0.017615741 | DH29: 0.013703704 | DI29: 0.026550926 | DJ29: 0.027858796 | DK29: 0.011516204 | DL29: 0.012997685 | DM29: 0.03625 | DN29: 0.019652778 | DO29: 0.0121875 | DP29: 0.010752315 | DQ29: 0.015868056 | DR29: 0.012835648 | DS29: 0.015081019 | DT29: 0.016157407 | DU29: 0.020150463 | DV29: 0.011840278 | DW29: 0.011875 | DX29: 0.014988426 | DY29: 0.011516204 | DZ29: 0.012106481 | EA29: 0.0125 | EB29: 0.015520833 | EC29: 0.012083333 | ED29: 0.011111111 | EE29: 0.0109375 | EF29: 0.011886574 | EG29: 0.013888889 | EH29: 0.0096643519 | EI29: 0.013680556 | EJ29: 0.016412037 | EK29: 0.013229167 | EL29: 0.012384259 | EM29: 0.011805556 | EN29: 0.017384259 | EO29: 0.013217593 | EP29: 0.012233796 | EQ29: 0.019178241 | ER29: 0.014907407 | ES29: 0.027905093 | ET29: 0.017256944 | EU29: 0.01806713 | EV29: 0.014918981 | EW29: 0.015277778 | EX29: 0.0115625 | EY29: 0.01525463 | EZ29: 0.011134259 | FA29: 0.011388889 | FB29: 0.017627315 | FC29: 0.012800926 | FD29: 0.010729167 | FE29: 0.01556713 | FF29: 0.013194444 | FG29: 0.0096643519 | FH29: 0.01275463 | FI29: 0.017731481 | FJ29: 0.011990741 | FK29: 0.011712963 | FL29: 0.012152778 | FM29: 0.014027778 | FN29: 0.012025463 | FO29: 0.01349537 | FP29: 0.010196759 | FQ29: 0.0019444444 | FR29: 0 | FS29: 0.022268519 | FT29: 0.013032407 | FU29: 0.01318287 | FV29: 0.013356481 | FW29: 0.023888889 | FX29: 0.014328704 | FY29: 0.011111111 | FZ29: 0.013645833 | GA29: 0.011412037 | GB29: 0.02587963 | GC29: 0.011458333 | GD29: 0.011099537 | GE29: 0.011099537 | GF29: 0.012650463 | GG29: 0.013993056 | GH29: 0.011226852 | GI29: 0.014212963 | GJ29: 0.015891204 | GK29: 0.011909722 | GL29: 0.012256944 | GM29: 0.013206019 | GN29: 0.013715278 | GO29: 0.016006944 | GP29: 0.010092593 | GQ29: 0.015046296 | GR29: 0.011701389 | GS29: 0.013101852 | GT29: 0.010520833 | GU29: 0.01568287 | GV29: 0.0115625 | GW29: 0.0096296296 | GX29: 0.013159722 | GY29: 0.013159722 | GZ29: 0.011435185 | HA29: 0.011354167 | HB29: 0.012303241 | HC29: 0.0097453704 | HD29: 0.016458333 | HE29: 0.017418981 | HF29: 0.012118056 | HG29: 0.014016204 | HH29: 0.015405093 | HI29: 0.027384259 | HJ29: 0.01275463 | HK29: 0.013530093 | HL29: 0.013842593 | HM29: 0.012025463 | HN29: 0.0084259259 | HO29: 0.010416667 | HP29: 0.011493056 | HQ29: 0.01125 | HR29: 0.011238426 | HS29: 0.013125 | HT29: 0.014027778 | HU29: 0.011643519 | HV29: 0.011608796 | HW29: 0.012523148 | HX29: 0.020983796 | HY29: 0.0095949074 | HZ29: 0.012708333 | IA29: 0.011712963 | IB29: 0.014861111 | IC29: 0.011689815 | ID29: 0.013483796 | IE29: 0.013252315 | IF29: 0.014803241 | IG29: 0.014803241 | IH29: 0.016238426 | II29: 0.012199074 | IJ29: 0.012662037 | IK29: 0.017476852 | IL29: 0.011018519 | IM29: 0.020763889 | IN29: 0.013564815 | IO29: 0.015960648 | IP29: 0.012071759 | IQ29: 0.014456019 | IR29: 0.014166667 | IS29: 0.023958333 | IT29: 0.012384259 | IU29: 0.02724537 | IV29: 0.015648148 | IW29: 0.01287037 | IX29: 0.01724537 | IY29: 0.010324074 | IZ29: 0.020821759 | JA29: 0.015833333 | JB29: 0.010289352 | JC29: 0.01212963 | JD29: 0.013518519 | JE29: 0.013159722 | JF29: 0.011099537 | JG29: 0.014837963 | JH29: 0.010532407 | JI29: 0.0099305556 | JJ29: 0.02224537 | JK29: 0.012939815 | JL29: 0.014305556 | JM29: 0.011226852 | JN29: 0.013668981 | JO29: 0.013599537 | JP29: 0.013877315 | JQ29: 0.010729167 | JR29: 0.0171875 | JS29: 0.025601852 | JT29: 0.010104167 | JU29: 0.015543981 | JV29: 0.010150463 | JW29: 0.010902778 | JX29: 0.012523148 | JY29: 0.015891204 | JZ29: 0.012905093 | KA29: 0.017881944 | KB29: 0.014594907 | KC29: 0.013472222 | KD29: 0.015347222 | KE29: 0.015486111 | KF29: 0.013483796 | KG29: 0.014386574 | KH29: 0.010960648 | KI29: 0.012893519 | KJ29: 0.013946759 | KK29: 0.012800926 | KL29: 0.012002315 | KM29: 0.013738426 | KN29: 0.013831019 | KO29: 0.017951389 | KP29: 0.011967593 | KQ29: 0.012962963 | KR29: 0.013344907 | KS29: 0.014224537 | KT29: 0.015659722 | KU29: 0.023101852 | KV29: 0.012233796 | KW29: 0.015439815 | KX29: 0.010474537 | KY29: 0.01162037
B30: Avg Talking Time / Hall | C30: =AVERAGE(F30:LI30) -> 0.086345865 | D30: =LOOKUP(2,1/(F30:XA30<>""),F30:XA30) -> 0.0884375 | F30: 0.067013889 | G30: 0.072048611 | H30: 0.074930556 | I30: 0.076493056 | J30: 0.07755787 | K30: 0.080023148 | L30: 0.079548611 | M30: 0.08087963 | N30: 0.083194444 | O30: 0.081678241 | P30: 0.081319444 | Q30: 0.080324074 | R30: 0.084293981 | S30: 0.085983796 | T30: 0.079884259 | U30: 0.081238426 | V30: 0.081666667 | W30: 0.074363426 | X30: 0.075810185 | Y30: 0.082835648 | Z30: 0.074502315 | AA30: 0.069895833 | AB30: 0.070104167 | AC30: 0.069606481 | AD30: 0.086226852 | AE30: 0.078530093 | AF30: 0.08119213 | AG30: 0.078333333 | AH30: 0.078773148 | AI30: 0.061979167 | AJ30: 0.085462963 | AK30: 0.086585648 | AL30: 0.069525463 | AM30: 0.088993056 | AN30: 0.09244213 | AO30: 0.099039352 | AP30: 0.091226852 | AQ30: 0.091979167 | AR30: 0.10056713 | AS30: 0.069537037 | AT30: 0.088541667 | AU30: 0.093668981 | AV30: 0.09244213 | AW30: 0.093784722 | AX30: 0.089363426 | AY30: 0.08087963 | AZ30: 0.08087963 | BA30: 0.07412037 | BB30: 0.081666667 | BC30: 0.085891204 | BD30: 0.077488426 | BE30: 0.075775463 | BF30: 0.077731481 | BG30: 0.082083333 | BH30: 0.076886574 | BI30: 0.098969907 | BJ30: 0.089016204 | BK30: 0.089988426 | BL30: 0.089837963 | BM30: 0.087685185 | BN30: 0.072939815 | BO30: 0.079259259 | BP30: 0.084594907 | BQ30: 0.071585648 | BR30: 0.077604167 | BS30: 0.075439815 | BT30: 0.082453704 | BU30: 0.074490741 | BV30: 0.082002315 | BW30: 0.020011574 | BX30: 0.094375 | BY30: 0.049884259 | BZ30: 0.049293981 | CA30: 0.048854167 | CB30: 0.063460648 | CC30: 0.056736111 | CD30: 0.052164352 | CE30: 0.049456019 | CF30: 0.050717593 | CG30: 0.053541667 | CH30: 0.052071759 | CI30: 0.060289352 | CJ30: 0.0475 | CK30: 0.047546296 | CL30: 0.039872685 | CM30: 0.039895833 | CN30: 0.048761574 | CO30: 0.050243056 | CP30: 0.058252315 | CQ30: 0.053657407 | CR30: 0.051377315 | CS30: 0.050034722 | CT30: 0.054363426 | CU30: 0.053611111 | CV30: 0.056226852 | CW30: 0.069236111 | CX30: 0.082083333 | CY30: 0.086087963 | CZ30: 0.084456019 | DA30: 0.088055556 | DB30: 0.084456019 | DC30: 0.088055556 | DD30: 0.069236111 | DE30: 0.082083333 | DF30: 0.086087963 | DG30: 0.082083333 | DH30: 0.086087963 | DI30: 0.084456019 | DJ30: 0.088055556 | DK30: 0.076898148 | DL30: 0.088622685 | DM30: 0.081956019 | DN30: 0.077013889 | DO30: 0.080532407 | DP30: 0.083368056 | DQ30: 0.099618056 | DR30: 0.086365741 | DS30: 0.095856481 | DT30: 0.097152778 | DU30: 0.095763889 | DV30: 0.087962963 | DW30: 0.094537037 | DX30: 0.097453704 | DY30: 0.047013889 | DZ30: 0.088645833 | EA30: 0.0903125 | EB30: 0.0940625 | EC30: 0.09587963 | ED30: 0.093460648 | EE30: 0.097476852 | EF30: 0.098287037 | EG30: 0.1027662 | EH30: 0.09880787 | EI30: 0.10003472 | EJ30: 0.10034722 | EK30: 0.09943287 | EL30: 0.09505787 | EM30: 0.09087963 | EN30: 0.10447917 | EO30: 0.096655093 | EP30: 0.094479167 | EQ30: 0.094479167 | ER30: 0.094525463 | ES30: 0.094791667 | ET30: 0.094791667 | EU30: 0.09318287 | EV30: 0.092604167 | EW30: 0.096967593 | EX30: 0.093645833 | EY30: 0.083969907 | EZ30: 0.090914352 | FA30: 0.091516204 | FB30: 0.097384259 | FC30: 0.099328704 | FD30: 0.097326389 | FE30: 0.092569444 | FF30: 0.097743056 | FG30: 0.093877315 | FH30: 0.091875 | FI30: 0.093252315 | FJ30: 0.086006944 | FK30: 0.094722222 | FL30: 0.096087963 | FM30: 0.093981481 | FN30: 0.09974537 | FO30: 0.08462963 | FP30: 0.10158565 | GF30: 0.10708333 | GG30: 0.100625 | GH30: 0.086909722 | GI30: 0.097256944 | GJ30: 0.080405093 | GK30: 0.098090278 | GL30: 0.0853125 | GM30: 0.088900463 | GN30: 0.095451389 | GO30: 0.10796296 | GP30: 0.120625 | GQ30: 0.080405093 | GR30: 0.10185185 | GS30: 0.10336806 | GT30: 0.096261574 | GU30: 0.094953704 | GV30: 0.094201389 | GW30: 0.090011574 | GX30: 0.080405093 | GY30: 0.10185185 | GZ30: 0.10336806 | HA30: 0.096261574 | HB30: 0.094953704 | HC30: 0.094201389 | HD30: 0.090011574 | HE30: 0.080405093 | HF30: 0.082546296 | HG30: 0.094953704 | HH30: 0.094201389 | HI30: 0.086006944 | HJ30: 0.087199074 | HK30: 0.086458333 | HL30: 0.083206019 | HM30: 0.090474537 | HN30: 0.10336806 | HO30: 0.096261574 | HP30: 0.094953704 | HQ30: 0.094201389 | HR30: 0.090011574 | HS30: 0.080405093 | HT30: 0.086157407 | HU30: 0.088530093 | HV30: 0.10081019 | HW30: 0.10393519 | HX30: 0.10207176 | HY30: 0.094895833 | HZ30: 0.079074074 | IA30: 0.094953704 | IB30: 0.10336806 | IC30: 0.096261574 | ID30: 0.094953704 | IE30: 0.094201389 | IF30: 0.090011574 | IG30: 0.080405093 | IH30: 0.086157407 | II30: 0.088530093 | IJ30: 0.10081019 | IK30: 0.10393519 | IL30: 0.10207176 | IM30: 0.094895833 | IN30: 0.080405093 | IO30: 0.086157407 | IP30: 0.098599537 | IQ30: 0.093599537 | IR30: 0.097222222 | IS30: 0.10479167 | IT30: 0.10815972 | IU30: 0.098287037 | IV30: 0.11487269 | IW30: 0.10534722 | IX30: 0.10116898 | IY30: 0.10923611 | IZ30: 0.1019213 | JA30: 0.10119213 | JB30: 0.092777778 | JC30: 0.093726852 | JD30: 0.081631944 | JE30: 0.082314815 | JF30: 0.089803241 | JG30: 0.10140046 | JH30: 0.098020833 | JI30: 0.098020833 | JJ30: 0.095914352 | JK30: 0.088032407 | JL30: 0.089710648 | JM30: 0.088541667 | JN30: 0.081805556 | JO30: 0.086354167 | JP30: 0.081898148 | JQ30: 0.085393519 | JR30: 0.072858796 | JS30: 0.087314815 | JT30: 0.083842593 | JU30: 0.083842593 | JV30: 0.08755787 | JW30: 0.084027778 | JX30: 0.10546296 | JY30: 0.091990741 | JZ30: 0.079328704 | KA30: 0.094050926 | KB30: 0.099131944 | KC30: 0.095208333 | KD30: 0.083981481 | KE30: 0.093831019 | KF30: 0.090648148 | KG30: 0.08119213 | KH30: 0.086539352 | KI30: 0.079618056 | KJ30: 0.098032407 | KK30: 0.10171296 | KL30: 0.11703704 | KM30: 0.12118056 | KN30: 0.11946759 | KO30: 0.10259259 | KP30: 0.1103588 | KQ30: 0.1053125 | KR30: 0.091018519 | KS30: 0.098553241 | KT30: 0.091342593 | KU30: 0.096527778 | KV30: 0.083171296 | KW30: 0.079340278 | KX30: 0.0884375
F31: =F3 -> 45292 | G31: =G3 -> 45293 | H31: =H3 -> 45294 | I31: =I3 -> 45295 | J31: =J3 -> 45296 | K31: =K3 -> 45297 | L31: =L3 -> 45298 | M31: =M3 -> 45299 | ... FB31: =FB3 -> 45444 | FC31: 44351 | FD31: 44352 | FE31: =FE3 -> 45447 | FF31: =FF3 -> 45448 | FG31: =FG3 -> 45449 | FH31: =FH3 -> 45450 | FI31: =FI3 -> 45451 | FJ31: =FJ3 -> 45452 | FK31: =FK3 -> 45453 | FL31: =FL3 -> 45454 | ... HJ31: =HJ3 -> 45504 | HK31: 0.00023148148 | HL31: =HL3 -> 45506 | HM31: =HM3 -> 45507 | HN31: =HN3 -> 45508 | HO31: =HO3 -> 45509 | HP31: =HP3 -> 45510 | HQ31: =HQ3 -> 45511 | HR31: =HR3 -> 45512 | HS31: =HS3 -> 45513 | ... NG31: =NG3 -> 31-12
B32: Avg Speed of Answer | C32: =AVERAGE(F32:LI32) -> 0.023177064 | D32: =LOOKUP(2,1/(F32:XA32<>""),F32:XA32) -> 0.0003587963 | F32: 8.1018519e-05 | G32: 5.787037e-05 | H32: 5.787037e-05 | I32: 5.787037e-05 | J32: 8.1018519e-05 | K32: 8.1018519e-05 | L32: 6.9444444e-05 | M32: 8.1018519e-05 | N32: 0.00010416667 | O32: 6.9444444e-05 | P32: 6.9444444e-05 | Q32: 8.1018519e-05 | R32: 8.1018519e-05 | S32: 9.2592593e-05 | T32: 8.1018519e-05 | U32: 8.1018519e-05 | V32: 0.00010416667 | W32: 6.9444444e-05 | X32: 0.00018518519 | Y32: 6.9444444e-05 | Z32: 9.2592593e-05 | AA32: 5.787037e-05 | AB32: 6.9444444e-05 | AC32: 5.787037e-05 | AD32: 8.1018519e-05 | AE32: 0.00013888889 | AF32: 9.2592593e-05 | AG32: 9.2592593e-05 | AH32: 5.787037e-05 | AI32: 5.787037e-05 | AJ32: 0.00023148148 | AK32: 0.00013888889 | AL32: 0.00019675926 | AM32: 0.00015046296 | AN32: 0.00012731481 | AO32: 0.00012731481 | AP32: 9.2592593e-05 | AQ32: 0.00010416667 | AR32: 0.00012731481 | AS32: 0.00019675926 | AT32: 0.0003587963 | AU32: 0.00018518519 | AV32: 0.00024305556 | AW32: 0.00019675926 | AX32: 0.00017361111 | AY32: 0.00017361111 | AZ32: 0.00019675926 | BA32: 0.00011574074 | BB32: 9.2592593e-05 | BC32: 9.2592593e-05 | BD32: 5.787037e-05 | BE32: 0.00012731481 | BF32: 8.1018519e-05 | BG32: 0.00016203704 | BH32: 0.00017361111 | BI32: 0.00038194444 | BJ32: 0.00018518519 | BK32: 0.00017361111 | BL32: 0.00010416667 | BM32: 0.0003125 | BN32: 0.00027777778 | BO32: 0.00011574074 | BP32: 0.00011574074 | BQ32: 8.1018519e-05 | BR32: 0.00010416667 | BS32: 0.00012731481 | BT32: 0.00010416667 | BU32: 0.00019675926 | BV32: 0.00016203704 | BW32: 0.00011574074 | BX32: 0.00015046296 | BY32: 0.00018518519 | BZ32: 0.00017361111 | CA32: 0.00015046296 | CB32: 0.00017361111 | CC32: 0.00018518519 | CD32: 9.2592593e-05 | CE32: 0.00011574074 | CF32: 6.9444444e-05 | CG32: 9.2592593e-05 | CH32: 8.1018519e-05 | CI32: 5.787037e-05 | CJ32: 9.2592593e-05 | CK32: 6.9444444e-05 | CL32: 6.9444444e-05 | CM32: 0.00010416667 | CN32: 6.9444444e-05 | CO32: 6.9444444e-05 | CP32: 6.9444444e-05 | CQ32: 0.00012731481 | CR32: 6.9444444e-05 | CS32: 0.00013888889 | CT32: 9.2592593e-05 | CU32: 8.1018519e-05 | CV32: 0.00011574074 | CW32: 0.00011574074 | CX32: 0.00012731481 | CY32: 6.9444444e-05 | CZ32: 6.9444444e-05 | DA32: 0.00010416667 | DB32: 0.00038194444 | DC32: 0.00032407407 | DD32: 0.00038194444 | DE32: 0.00020833333 | DF32: 0.00017361111 | DG32: 0.00019675926 | DH32: 0.00016203704 | DI32: 0.00016203704 | DJ32: 0.00018518519 | DK32: 0.00023148148 | DL32: 0.00017361111 | DM32: 0.00015046296 | DN32: 0.00015046296 | DO32: 0.00013888889 | DP32: 0.00017361111 | DQ32: 0.00038194444 | DR32: 0.00038194444 | DS32: 0.00020833333 | DT32: 0.00020833333 | DU32: 0.00020833333 | DV32: 0.00018518519 | DW32: 0.00023148148 | DX32: 0.00024305556 | DY32: 0.00019675926 | DZ32: 0.00017361111 | EA32: 0.00017361111 | EB32: 0.00024305556 | EC32: 0.00038194444 | ED32: 0.0002662037 | EE32: 0.00032407407 | EF32: 0.00053240741 | EG32: 0.00032407407 | EH32: 0.0003125 | EI32: 0.00025462963 | EJ32: 0.0003587963 | EK32: 0.00037037037 | EL32: 0.00025462963 | EM32: 0.00056712963 | EN32: 0.00028935185 | EO32: 0.0003587963 | EP32: 0.00028935185 | EQ32: 0.0003125 | ER32: 0.0002662037 | ES32: 0.00032407407 | ET32: 0.00064814815 | EU32: 0.0002662037 | EV32: 0.00024305556 | EW32: 0.00025462963 | EX32: 0.00023148148 | EY32: 0.00018518519 | EZ32: 0.00047453704 | FA32: 0.00074074074 | FB32: 0.00038194444 | FC32: 0.00038194444 | FD32: 0.00025462963 | FE32: 0.00038194444 | FF32: 0.00037037037 | FG32: 0.00033564815 | FH32: 0.00061342593 | FI32: 0.00028935185 | FJ32: 0.0003125 | FK32: 0.00033564815 | FL32: 0.00030092593 | FM32: 0.0002662037 | FN32: 0.00028935185 | FO32: 0.0002662037 | FP32: 0.00038194444 | FQ32: 0.0014467593 | FR32: 0 | FS32: 0.00021990741 | FT32: 0.0002662037 | FU32: 0.00020833333 | FV32: 0.00028935185 | FW32: 0.00025462963 | FX32: 0.00021990741 | FY32: 0.00028935185 | FZ32: 0.0003125 | GA32: 0.00028935185 | GB32: 0.00025462963 | GC32: 0.00023148148 | GD32: 0.0002662037 | GE32: 0.0002662037 | GF32: 0.00027777778 | GG32: 0.00023148148 | GH32: 0.00017361111 | GI32: 0.0003125 | GJ32: 0.00040509259 | GK32: 0.00030092593 | GL32: 0.00021990741 | GM32: 0.00019675926 | GN32: 0.00037037037 | GO32: 0.00047453704 | GP32: 0.00043981481 | GQ32: 0.00033564815 | GR32: 0.00025462963 | GS32: 0;0:20 | GT32: 0.0002662037 | GU32: 0.00019675926 | GV32: 0.00016203704 | GW32: 0.00037037037 | GX32: 0.00033564815 | GY32: 0.00033564815 | GZ32: 0.0002662037 | HA32: 0.00023148148 | HB32: 0.00030092593 | HC32: 0.00025462963 | HD32: 0.00018518519 | HE32: 0.00027777778 | HF32: 0.00018518519 | HG32: 0.00025462963 | HH32: 0.00023148148 | HI32: 0.00020833333 | HJ32: 0.00023148148 | HK32: 7 | HL32: 0.0003587963 | HM32: 0.00030092593 | HN32: 0.00023148148 | HO32: 0.00025462963 | HP32: 0.00024305556 | HQ32: 0.00023148148 | HR32: 0.00024305556 | HS32: 0.0003587963 | HT32: 0.00024305556 | HU32: 0.00027777778 | HV32: 0.0003125 | HW32: 0.00033564815 | HX32: 0.00033564815 | HY32: 9.2592593e-05 | HZ32: 0.00034722222 | IA32: 0.00045138889 | IB32: 0.00042824074 | IC32: 0.00028935185 | ID32: 0.00032407407 | IE32: 0.00028935185 | IF32: 0.0003125 | IG32: 0.0003125 | IH32: 0.00025462963 | II32: 0.00025462963 | IJ32: 0.00023148148 | IK32: 0.0002662037 | IL32: 0.0003587963 | IM32: 0.00025462963 | IN32: 0.00020833333 | IO32: 0.0002662037 | IP32: 0.00033564815 | IQ32: 0.00028935185 | IR32: 0.00030092593 | IS32: 0.00037037037 | IT32: 0.00039351852 | IU32: 0.00059027778 | IV32: 0.00039351852 | IW32: 0.00039351852 | IX32: 0.00033564815 | IY32: 0.0003125 | IZ32: 0.00027777778 | JA32: 0.00028935185 | JB32: 0.00033564815 | JC32: 0.00021990741 | JD32: 0.00021990741 | JE32: 0.00021990741 | JF32: 0.00018518519 | JG32: 0.00021990741 | JH32: 0.00021990741 | JI32: 0.00045138889 | JJ32: 0.0003125 | JK32: 0.00017361111 | JL32: 0.00017361111 | JM32: 0.00018518519 | JN32: 0.00017361111 | JO32: 0.00021990741 | JP32: 0.0003125 | JQ32: 0.00027777778 | JR32: 0.00013888889 | JS32: 0.0002662037 | JT32: 0.00016203704 | JU32: 0.00013888889 | JV32: 0.00017361111 | JW32: 0.00033564815 | JX32: 0.00021990741 | JY32: 0.00016203704 | JZ32: 0.00012731481 | KA32: 0.00015046296 | KB32: 0.00018518519 | KC32: 0.00015046296 | KD32: 0.00024305556 | KE32: 0.00016203704 | KF32: 0.00012731481 | KG32: 0.00015046296 | KH32: 0.00013888889 | KI32: 0.00010416667 | KJ32: 0.00021990741 | KK32: 0.00046296296 | KL32: 0.0002662037 | KM32: 0.00025462963 | KN32: 0.0003587963 | KO32: 0.00025462963 | KP32: 0.00028935185 | KQ32: 0.00020833333 | KR32: 0.00030092593 | KS32: 0.00016203704 | KT32: 0.00015046296 | KU32: 0.00015046296 | KV32: 0.00011574074 | KW32: 0.00010416667 | KX32: 0.00011574074 | KY32: 0.0003587963
B33: Avg Queue Time | C33: =AVERAGE(F33:LI33) -> 0.00031151011 | D33: =LOOKUP(2,1/(F33:XA33<>""),F33:XA33) -> 0.00045138889 | F33: 9.2592593e-05 | G33: 6.9444444e-05 | H33: 8.1018519e-05 | I33: 6.9444444e-05 | J33: 0.00018518519 | K33: 0.00018518519 | L33: 8.1018519e-05 | M33: 0.00010416667 | N33: 0.00011574074 | O33: 9.2592593e-05 | P33: 9.2592593e-05 | Q33: 0.00019675926 | R33: 0.00010416667 | S33: 0.00011574074 | T33: 9.2592593e-05 | U33: 0.00010416667 | V33: 0.00012731481 | W33: 8.1018519e-05 | X33: 0.00027777778 | Y33: 8.1018519e-05 | Z33: 0.00011574074 | AA33: 0.00010416667 | AB33: 9.2592593e-05 | AC33: 6.9444444e-05 | AD33: 0.00010416667 | AE33: 0.00024305556 | AF33: 0.00011574074 | AG33: 0.00012731481 | AH33: 6.9444444e-05 | AI33: 6.9444444e-05 | AJ33: 0.0002662037 | AK33: 0.00017361111 | AL33: 0.00028935185 | AM33: 0.00018518519 | AN33: 0.00016203704 | AO33: 0.00013888889 | AP33: 0.00011574074 | AQ33: 0.00011574074 | AR33: 0.00016203704 | AS33: 0.0003125 | AT33: 0.00043981481 | AU33: 0.00021990741 | AV33: 0.0002662037 | AW33: 0.00021990741 | AX33: 0.00020833333 | AY33: 0.00025462963 | AZ33: 0.0003125 | BA33: 0.00015046296 | BB33: 0.00011574074 | BC33: 0.00011574074 | BD33: 6.9444444e-05 | BE33: 0.00016203704 | BF33: 0.00010416667 | BG33: 0.0002662037 | BH33: 0.00020833333 | BI33: 0.00040509259 | BJ33: 0.00021990741 | BK33: 0.00020833333 | BL33: 0.00011574074 | BM33: 0.0003587963 | BN33: 0.00039351852 | BO33: 0.00015046296 | BP33: 0.00013888889 | BQ33: 0.00010416667 | BR33: 0.00012731481 | BS33: 0.00016203704 | BT33: 0.00013888889 | BU33: 0.00032407407 | BV33: 0.00020833333 | BW33: 0.00099537037 | BX33: 0.00030092593 | BY33: 0.00046296296 | BZ33: 0.00043981481 | CA33: 0.00038194444 | CB33: 0.00054398148 | CC33: 0.00041666667 | CD33: 0.00037037037 | CE33: 0:0;33 | CF33: 0.00033564815 | CG33: 0.0003587963 | CH33: 0.00033564815 | CI33: 0.00041666667 | CJ33: 0.00038194444 | CK33: 0.00033564815 | CL33: 0.00024305556 | CM33: 0.00041666667 | CN33: 0.00034722222 | CO33: 0.00034722222 | CP33: 0.00041666667 | CQ33: 0.00038194444 | CR33: 0.00033564815 | CS33: 0.00041666667 | CT33: 0.0003587963 | CU33: 0.0003587963 | CV33: 0.00037037037 | CW33: 0.00045138889 | CX33: 0.00041666667 | CY33: 0.00037037037 | CZ33: 0.00037037037 | DA33: 0.00043981481 | DB33: 0.00017361111 | DC33: 0.00049768519 | DD33: 0.00052083333 | DE33: 0.00028935185 | DF33: 0.00023148148 | DG33: 0.00027777778 | DH33: 0.00021990741 | DI33: 0.00020833333 | DJ33: 0.00023148148 | DK33: 0.00032407407 | DL33: 0.00021990741 | DM33: 0.00018518519 | DN33: 0.00023148148 | DO33: 0.00017361111 | DP33: 0.00019675926 | DQ33: 0.00040509259 | DR33: 0.00045138889 | DS33: 0.00025462963 | DT33: 0.00025462963 | DU33: 0.00024305556 | DV33: 0.00021990741 | DW33: 0.00027777778 | DX33: 0.00028935185 | DY33: 0.00028935185 | DZ33: 0.00020833333 | EA33: 0.00019675926 | EB33: 0.00027777778 | EC33: 0.00041666667 | ED33: 0.00030092593 | EE33: 0.00034722222 | EF33: 0.00055555556 | EG33: 0.00037037037 | EH33: 0.00033564815 | EI33: 0.00030092593 | EJ33: 0.00038194444 | EK33: 0.00039351852 | EL33: 0.00030092593 | EM33: 0.00056712963 | EN33: 0.0003587963 | EO33: 0.00039351852 | EP33: 0.00032407407 | EQ33: 0.00037037037 | ER33: 0.00032407407 | ES33: 0.0003587963 | ET33: 0.000625 | EU33: 0.00032407407 | EV33: 0.00027777778 | EW33: 0.00028935185 | EX33: 0.00027777778 | EY33: 0.00025462963 | EZ33: 0.00050925926 | FA33: 0.00068287037 | FB33: 0.00042824074 | FC33: 0.00042824074 | FD33: 0.00030092593 | FE33: 0.00043981481 | FF33: 0.00042824074 | FG33: 0.00040509259 | FH33: 0.00061342593 | FI33: 0.00034722222 | FJ33: 0.00040509259 | FK33: 0.00043981481 | FL33: 0.00037037037 | FM33: 0.00038194444 | FN33: 0.00038194444 | FO33: 0.00048611111 | FP33: 0.00047453704 | FQ33: 0.0009837963 | FR33: 0.0010532407 | FS33: 0.00041666667 | FT33: 0.00034722222 | FU33: 0.00033564815 | FV33: 0.00048611111 | FW33: 0.00038194444 | FX33: 0.00032407407 | FY33: 0.00038194444 | FZ33: 0.00039351852 | GA33: 0.0003587963 | GB33: 0.00033564815 | GC33: 0.00040509259 | GD33: 0.00034722222 | GE33: 0.0003587963 | GF33: 0.00038194444 | GG33: 0.0003587963 | GH33: 0.00030092593 | GI33: 0.00039351852 | GJ33: 0.00055555556 | GK33: 0.00040509259 | GL33: 0.00032407407 | GM33: 0.00030092593 | GN33: 0.00041666667 | GO33: 0.00048611111 | GP33: 0.00052083333 | GQ33: 0.00040509259 | GR33: 0.00033564815 | GS33: 0.00033564815 | GT33: 0.0003587963 | GU33: 0.00030092593 | GV33: 0.00030092593 | GW33: 0.00053240741 | GX33: 0.00043981481 | GY33: 0.00043981481 | GZ33: 0.0003587963 | HA33: 0.00030092593 | HB33: 0.00037037037 | HC33: 0.00032407407 | HD33: 0.0002662037 | HE33: 0.00041666667 | HF33: 0.00024305556 | HG33: 0.00032407407 | HH33: 0.00032407407 | HI33: 0.00030092593 | HJ33: 0.00033564815 | HK33: 0.00033564815 | HL33: 0.00045138889 | HM33: 0.00038194444 | HN33: 0.00030092593 | HO33: 0.00033564815 | HP33: 0.0003125 | HQ33: 0.0003125 | HR33: 0.0003125 | HS33: 0.00046296296 | HT33: 0.00032407407 | HU33: 0.00034722222 | HV33: 0.0003587963 | HW33: 0.00038194444 | HX33: 0.00038194444 | HY33: 0.00038194444 | HZ33: 0.00042824074 | IA33: 0.00049768519 | IB33: 0.00050925926 | IC33: 0.00034722222 | ID33: 0.0003587963 | IE33: 0:0:030 | IF33: 0.00040509259 | IG33: 0.00040509259 | IH33: 0.0003125 | II33: 0.0003125 | IJ33: 0.00027777778 | IK33: 0.0003125 | IL33: 0.00040509259 | IM33: 0.0003125 | IN33: 0.0003125 | IO33: 0.00032407407 | IP33: 0.00039351852 | IQ33: 0.00043981481 | IR33: 0.00034722222 | IS33: 0.00043981481 | IT33: 0.00042824074 | IU33: 0.00060185185 | IV33: 0.00043981481 | IW33: 0.00042824074 | IX33: 0.00039351852 | IY33: 0.00038194444 | IZ33: 0.00033564815 | JA33: 0.00034722222 | JB33: 0.00043981481 | JC33: 0.0002662037 | JD33: 0.0002662037 | JE33: 0.0002662037 | JF33: 0.00024305556 | JG33: 0.0002662037 | JH33: 0.0002662037 | JI33: 0.00049768519 | JJ33: 0.00037037037 | JK33: 0.00024305556 | JL33: 0.00021990741 | JM33: 0.0002662037 | JN33: 0.00020833333 | JO33: 0.00027777778 | JP33: 0.00048611111 | JQ33: 0.0003587963 | JR33: 0.00018518519 | JS33: 0.00032407407 | JT33: 0.00020833333 | JU33: 0.00017361111 | JV33: 0.00024305556 | JW33: 0.00045138889 | JX33: 0.0002662037 | JY33: 0.00019675926 | JZ33: 0.00016203704 | KA33: 0.00019675926 | KB33: 0.00023148148 | KC33: 0.00019675926 | KD33: 0.00037037037 | KE33: 0.00018518519 | KF33: 0.00016203704 | KG33: 0.00018518519 | KH33: 0.00017361111 | KI33: 0.00010416667 | KJ33: 0.00027777778 | KK33: 0.00052083333 | KL33: 0.0003125 | KM33: 0.00028935185 | KN33: 0.00037037037 | KO33: 0.00030092593 | KP33: 0.00032407407 | KQ33: 0.0002662037 | KR33: 0.00040509259 | KS33: 0.00018518519 | KT33: 0.00018518519 | KU33: 0.00018518519 | KV33: 0.00012731481 | KW33: 0.00012731481 | KX33: 0.00017361111 | KY33: 0.00045138889
B34: Target supervisors | D34: =LOOKUP(2,1/(F34:XA34<>""),F34:XA34) -> 18 | F34: =F36+F37 -> 16 | G34: =G36+G37 -> 16 | H34: =H36+H37 -> 16 | I34: =I36+I37 -> 16 | J34: =J36+J37 -> 7 | K34: =K36+K37 -> 16 | L34: =L36+L37 -> 16 | M34: =M36+M37 -> 16 | ... AL34: =AL36+AL37 -> 7 | AM34: 16 | AN34: 16 | AO34: 16 | AP34: 16 | AQ34: 16 | AR34: 16 | AS34: 7 | AT34: =AT36+AT37 -> 16 | AU34: =AU36+AU37 -> 16 | AV34: =AV36+AV37 -> 16 | AW34: =AW36+AW37 -> 16 | AX34: =AX36+AX37 -> 16 | AY34: =AY36+AY37 -> 16 | AZ34: =AZ36+AZ37 -> 7 | BA34: =BA36+BA37 -> 16 | ... BM34: =BM36+BM37 -> 16 | BN34: 7 | BO34: 16 | BP34: 16 | BQ34: 16 | BR34: 16 | BS34: 16 | BT34: 16 | BU34: 7 | BV34: 16 | BW34: 16 | BX34: 16 | BY34: =BY36+BY37 -> 15 | BZ34: =BZ36+BZ37 -> 15 | CA34: =CA36+CA37 -> 15 | CB34: 5 | CC34: =CC37+CC36 -> 14 | CD34: =CD37+CD36 -> 14 | CE34: =CE37+CE36 -> 15 | CF34: =CF37+CF36 -> 15 | CG34: =CG37+CG36 -> 15 | CH34: =CH37+CH36 -> 15 | CI34: =CI37+CI36 -> 5 | CJ34: =CJ37+CJ36 -> 14 | ... DC34: =DC37+DC36 -> 16 | DD34: =DD36+DD37 -> 7 | DE34: =DE36+DE37 -> 16 | DF34: =DF36+DF37 -> 16 | DG34: =DG36+DG37 -> 16 | DH34: =DH36+DH37 -> 16 | DI34: =DI36+DI37 -> 16 | DJ34: =DJ36+DJ37 -> 16 | DK34: =DK36+DK37 -> 7 | ... EE34: =EE36+EE37 -> 16 | EF34: 7 | EG34: =EG36+EG37 -> 16 | EH34: =EH36+EH37 -> 16 | EI34: =EI36+EI37 -> 16 | EJ34: =EJ36+EJ37 -> 16 | EK34: =EK36+EK37 -> 16 | EL34: =EL36+EL37 -> 16 | EM34: =EM36+EM37 -> 7 | EN34: =EN36+EN37 -> 16 | ... NG34: =NG36+NG37 -> 18
B35: supervisors Available | F35: =F38+F39 -> 16 | G35: =G38+G39 -> 16 | H35: =H38+H39 -> 16 | I35: =I38+I39 -> 16 | J35: =J38+J39 -> 7 | K35: =K38+K39 -> 16 | L35: =L38+L39 -> 16 | M35: =M38+M39 -> 16 | ... BM35: =BM38+BM39 -> 16 | BN35: 7 | BO35: =BO38+BO39 -> 16 | BP35: =BP38+BP39 -> 16 | BQ35: =BQ38+BQ39 -> 16 | BR35: =BR38+BR39 -> 16 | BS35: =BS38+BS39 -> 16 | BT35: =BT38+BT39 -> 16 | BU35: 7 | BV35: =BV38+BV39 -> 16 | BW35: =BW38+BW39 -> 16 | BX35: =BX38+BX39 -> 16 | BY35: =BY38+BY39 -> 15 | BZ35: =BZ38+BZ39 -> 15 | CA35: =CA38+CA39 -> 15 | CB35: =CB38+CB39 -> 5 | CC35: =CC38+CC39 -> 14 | ... DA35: =DA38+DA39 -> 15 | DC35: =DC38+DC39 -> 16 | DD35: =DD38+DD39 -> 7 | DE35: =DE38+DE39 -> 16 | DF35: =DF38+DF39 -> 16 | DG35: =DG38+DG39 -> 16 | DH35: =DH38+DH39 -> 16 | DI35: =DI38+DI39 -> 16 | DJ35: =DJ38+DJ39 -> 16 | ... NG35: =NG38+NG39 -> 18
B36: ALtaqnya Target supervisor | F36: 9 | G36: 7 | H36: 9 | I36: 7 | J36: 4 | K36: 9 | L36: 7 | M36: 9 | N36: 7 | O36: 9 | P36: 7 | Q36: 4 | R36: 9 | S36: 7 | T36: 9 | U36: 7 | V36: 9 | W36: 7 | X36: 4 | Y36: 9 | Z36: 7 | AA36: 9 | AB36: 7 | AC36: 9 | AD36: 7 | AE36: 4 | AF36: 9 | AG36: 7 | AH36: 9 | AI36: 7 | AJ36: 9 | AK36: 7 | AL36: 4 | AM36: 9 | AN36: 7 | AO36: 9 | AP36: 7 | AQ36: 9 | AR36: 7 | AS36: 4 | AT36: 9 | AU36: 7 | AV36: 9 | AW36: 7 | AX36: 9 | AY36: 7 | AZ36: 4 | BA36: 9 | BB36: 7 | BC36: 9 | BD36: 7 | BE36: 9 | BF36: 7 | BG36: 4 | BH36: 9 | BI36: 7 | BJ36: 9 | BK36: 7 | BL36: 9 | BM36: 7 | BN36: 4 | BO36: 9 | BP36: 7 | BQ36: 9 | BR36: 7 | BS36: 9 | BT36: 7 | BU36: 4 | BV36: 9 | BW36: 7 | BX36: 9 | BY36: 7 | BZ36: 8 | CA36: 7 | CB36: 3 | CC36: 7 | CD36: 7 | CE36: 7 | CF36: 8 | CG36: 7 | CH36: 8 | CI36: 2 | CJ36: 8 | CK36: 6 | CL36: 8 | CM36: 7 | CN36: 8 | CO36: 7 | CP36: 3 | CQ36: 7 | CR36: 7 | CS36: 7 | CT36: 8 | CU36: 7 | CV36: 8 | CW36: 2 | CX36: 8 | CY36: 6 | CZ36: 8 | DA36: 7 | DB36: 9 | DC36: 7 | DD36: 4 | DE36: 9 | DF36: 7 | DG36: 9 | DH36: 7 | DI36: 9 | DJ36: 7 | DK36: 4 | DL36: 9 | DM36: 7 | DN36: 9 | DO36: 7 | DP36: 9 | DQ36: 7 | DR36: 4 | DS36: 9 | DT36: 7 | DU36: 9 | DV36: 7 | DW36: 9 | DX36: 7 | DY36: 4 | DZ36: 9 | EA36: 7 | EB36: 9 | EC36: 7 | ED36: 9 | EE36: 7 | EF36: 4 | EG36: 9 | EH36: 7 | EI36: 9 | EJ36: 7 | EK36: 9 | EL36: 7 | EM36: 4 | EN36: 9 | EO36: 7 | EP36: 9 | EQ36: 7 | ER36: 9 | ES36: 7 | ET36: 4 | EU36: 9 | EV36: 7 | EW36: 9 | EX36: 7 | EY36: 9 | EZ36: 7 | FA36: 4 | FB36: 9 | FC36: 7 | FD36: 9 | FE36: 7 | FF36: 9 | FG36: 7 | FH36: 4 | FI36: 9 | FJ36: 7 | FK36: 9 | FL36: 7 | FM36: 9 | FN36: 7 | FO36: 4 | FP36: 9 | FQ36: 7 | FR36: 9 | FS36: 7 | FT36: 9 | FU36: 7 | FV36: 4 | FW36: 9 | FX36: 7 | FY36: 9 | FZ36: 7 | GA36: 9 | GB36: 7 | GC36: 3 | GD36: 9 | GE36: 7 | GF36: 8 | GG36: 8 | GH36: 8 | GI36: 7 | GJ36: 4 | GK36: 8 | GL36: 9 | GM36: 7 | GN36: 9 | GO36: 7 | GP36: 8 | GQ36: 3 | GR36: 9 | GS36: 8 | GT36: 8 | GU36: 8 | GV36: 8 | GW36: 7 | GX36: 4 | GY36: 8 | GZ36: 9 | HA36: 7 | HB36: 9 | HC36: 7 | HD36: 8 | HE36: 3 | HF36: 9 | HG36: 8 | HH36: 8 | HI36: 8 | HJ36: 8 | HK36: 8 | HL36: 3 | HM36: 9 | HN36: 8 | HO36: 8 | HP36: 8 | HQ36: 8 | HR36: 7 | HS36: 4 | HT36: 8 | HU36: 9 | HV36: 7 | HW36: 9 | HX36: 7 | HY36: 8 | HZ36: 3 | IA36: 9 | IB36: 8 | IC36: 8 | ID36: 8 | IE36: 8 | IF36: 7 | IG36: 4 | IH36: 8 | II36: 9 | IJ36: 7 | IK36: 9 | IL36: 7 | IM36: 8 | IN36: 3 | IO36: 9 | IP36: 9 | IQ36: 9 | IR36: 9 | IS36: 9 | IT36: 8 | IU36: 4 | IV36: 9 | IW36: 10 | IX36: 8 | IY36: 10 | IZ36: 8 | JA36: 9 | JB36: 3 | JC36: 10 | JD36: 9 | JE36: 9 | JF36: 9 | JG36: 9 | JH36: 8 | JI36: 4 | JJ36: 9 | JK36: 10 | JL36: 8 | JM36: 10 | JN36: 8 | JO36: 9 | JP36: 3 | JQ36: 10 | JR36: 9 | JS36: 9 | JT36: 9 | JU36: 9 | JV36: 8 | JW36: 4 | JX36: 9 | JY36: 10 | JZ36: 8 | KA36: 10 | KB36: 8 | KC36: 9 | KD36: 3 | KE36: 10 | KF36: 9 | KG36: 9 | KH36: 9 | KI36: 9 | KJ36: 8 | KK36: 4 | KL36: 9 | KM36: 10 | KN36: 8 | KO36: 10 | KP36: 8 | KQ36: 9 | KR36: 3 | KS36: 10 | KT36: 9 | KU36: 9 | KV36: 9 | KW36: 9 | KX36: 8 | KY36: 4 | KZ36: 9 | LA36: 10 | LB36: 8 | LC36: 10 | LD36: 8 | LE36: 9 | LF36: 3 | LG36: 10 | LH36: 9 | LI36: 9 | LJ36: 9 | LK36: 9 | LL36: 8 | LM36: 4 | LN36: 9 | LO36: 10 | LP36: 8 | LQ36: 10 | LR36: 8 | LS36: 9 | LT36: 3 | LU36: 10 | LV36: 9 | LW36: 9 | LX36: 9 | LY36: 9 | LZ36: 8 | MA36: 4 | MB36: 9 | MC36: 10 | MD36: 8 | ME36: 10 | MF36: 8 | MG36: 9 | MH36: 3 | MI36: 8 | MJ36: 9 | MK36: 9 | ML36: 9 | MM36: 9 | MN36: 8 | MO36: 4 | MP36: 9 | MQ36: 10 | MR36: 8 | MS36: 10 | MT36: 8 | MU36: 9 | MV36: 3 | MW36: 10 | MX36: 9 | MY36: 9 | MZ36: 9 | NA36: 9 | NB36: 8 | NC36: 4 | ND36: 9 | NE36: 10 | NF36: 8 | NG36: 9
B37: Tadamon Target supervisor | F37: 7 | G37: 9 | H37: 7 | I37: 9 | J37: 3 | K37: 7 | L37: 9 | M37: 7 | N37: 9 | O37: 7 | P37: 9 | Q37: 3 | R37: 7 | S37: 9 | T37: 7 | U37: 9 | V37: 7 | W37: 9 | X37: 3 | Y37: 7 | Z37: 9 | AA37: 7 | AB37: 9 | AC37: 7 | AD37: 9 | AE37: 3 | AF37: 7 | AG37: 9 | AH37: 7 | AI37: 9 | AJ37: 7 | AK37: 9 | AL37: 3 | AM37: 7 | AN37: 9 | AO37: 7 | AP37: 9 | AQ37: 7 | AR37: 9 | AS37: 3 | AT37: 7 | AU37: 9 | AV37: 7 | AW37: 9 | AX37: 7 | AY37: 9 | AZ37: 3 | BA37: 7 | BB37: 9 | BC37: 7 | BD37: 9 | BE37: 7 | BF37: 9 | BG37: 3 | BH37: 7 | BI37: 9 | BJ37: 7 | BK37: 9 | BL37: 7 | BM37: 9 | BN37: 3 | BO37: 7 | BP37: 9 | BQ37: 7 | BR37: 9 | BS37: 7 | BT37: 9 | BU37: 3 | BV37: 7 | BW37: 9 | BX37: 7 | BY37: 8 | BZ37: 7 | CA37: 8 | CB37: 2 | CC37: 7 | CD37: 7 | CE37: 8 | CF37: 7 | CG37: 8 | CH37: 7 | CI37: 3 | CJ37: 6 | CK37: 8 | CL37: 7 | CM37: 8 | CN37: 7 | CO37: 8 | CP37: 2 | CQ37: 7 | CR37: 7 | CS37: 8 | CT37: 7 | CU37: 8 | CV37: 7 | CW37: 3 | CX37: 6 | CY37: 8 | CZ37: 7 | DA37: 8 | DB37: 7 | DC37: 9 | DD37: 3 | DE37: 7 | DF37: 9 | DG37: 7 | DH37: 9 | DI37: 7 | DJ37: 9 | DK37: 3 | DL37: 7 | DM37: 9 | DN37: 7 | DO37: 9 | DP37: 7 | DQ37: 9 | DR37: 3 | DS37: 7 | DT37: 9 | DU37: 7 | DV37: 9 | DW37: 7 | DX37: 9 | DY37: 3 | DZ37: 7 | EA37: 9 | EB37: 7 | EC37: 9 | ED37: 7 | EE37: 9 | EF37: 3 | EG37: 7 | EH37: 9 | EI37: 7 | EJ37: 9 | EK37: 7 | EL37: 9 | EM37: 3 | EN37: 7 | EO37: 9 | EP37: 7 | EQ37: 9 | ER37: 7 | ES37: 9 | ET37: 3 | EU37: 7 | EV37: 9 | EW37: 7 | EX37: 9 | EY37: 7 | EZ37: 9 | FA37: 3 | FB37: 7 | FC37: 9 | FD37: 7 | FE37: 9 | FF37: 7 | FG37: 9 | FH37: 3 | FI37: 7 | FJ37: 9 | FK37: 7 | FL37: 9 | FM37: 7 | FN37: 9 | FO37: 3 | FP37: 7 | FQ37: 9 | FR37: 7 | FS37: 9 | FT37: 7 | FU37: 9 | FV37: 3 | FW37: 7 | FX37: 9 | FY37: 7 | FZ37: 9 | GA37: 7 | GB37: 9 | GC37: 4 | GD37: 7 | GE37: 9 | GF37: 8 | GG37: 8 | GH37: 8 | GI37: 9 | GJ37: 3 | GK37: 8 | GL37: 7 | GM37: 9 | GN37: 7 | GO37: 9 | GP37: 8 | GQ37: 4 | GR37: 7 | GS37: 8 | GT37: 8 | GU37: 8 | GV37: 8 | GW37: 9 | GX37: 3 | GY37: 8 | GZ37: 7 | HA37: 9 | HB37: 7 | HC37: 9 | HD37: 8 | HE37: 4 | HF37: 7 | HG37: 8 | HH37: 8 | HI37: 8 | HJ37: 8 | HK37: 8 | HL37: 4 | HM37: 7 | HN37: 8 | HO37: 8 | HP37: 8 | HQ37: 8 | HR37: 9 | HS37: 3 | HT37: 8 | HU37: 7 | HV37: 9 | HW37: 7 | HX37: 9 | HY37: 8 | HZ37: 4 | IA37: 7 | IB37: 8 | IC37: 8 | ID37: 8 | IE37: 8 | IF37: 9 | IG37: 3 | IH37: 8 | II37: 7 | IJ37: 9 | IK37: 7 | IL37: 9 | IM37: 8 | IN37: 4 | IO37: 7 | IP37: 9 | IQ37: 9 | IR37: 9 | IS37: 9 | IT37: 10 | IU37: 3 | IV37: 9 | IW37: 8 | IX37: 10 | IY37: 8 | IZ37: 10 | JA37: 9 | JB37: 4 | JC37: 8 | JD37: 9 | JE37: 9 | JF37: 9 | JG37: 9 | JH37: 10 | JI37: 3 | JJ37: 9 | JK37: 8 | JL37: 10 | JM37: 8 | JN37: 10 | JO37: 9 | JP37: 4 | JQ37: 8 | JR37: 9 | JS37: 9 | JT37: 9 | JU37: 9 | JV37: 10 | JW37: 3 | JX37: 9 | JY37: 8 | JZ37: 10 | KA37: 8 | KB37: 10 | KC37: 9 | KD37: 4 | KE37: 8 | KF37: 9 | KG37: 9 | KH37: 9 | KI37: 9 | KJ37: 10 | KK37: 3 | KL37: 9 | KM37: 8 | KN37: 10 | KO37: 8 | KP37: 10 | KQ37: 9 | KR37: 4 | KS37: 8 | KT37: 9 | KU37: 9 | KV37: 9 | KW37: 9 | KX37: 10 | KY37: 3 | KZ37: 9 | LA37: 8 | LB37: 10 | LC37: 8 | LD37: 10 | LE37: 9 | LF37: 4 | LG37: 8 | LH37: 9 | LI37: 9 | LJ37: 9 | LK37: 9 | LL37: 10 | LM37: 3 | LN37: 9 | LO37: 8 | LP37: 10 | LQ37: 8 | LR37: 10 | LS37: 9 | LT37: 4 | LU37: 8 | LV37: 9 | LW37: 9 | LX37: 9 | LY37: 9 | LZ37: 10 | MA37: 3 | MB37: 9 | MC37: 8 | MD37: 10 | ME37: 8 | MF37: 10 | MG37: 9 | MH37: 4 | MI37: 8 | MJ37: 9 | MK37: 9 | ML37: 9 | MM37: 9 | MN37: 10 | MO37: 3 | MP37: 9 | MQ37: 8 | MR37: 10 | MS37: 8 | MT37: 10 | MU37: 9 | MV37: 4 | MW37: 8 | MX37: 9 | MY37: 9 | MZ37: 9 | NA37: 9 | NB37: 10 | NC37: 3 | ND37: 9 | NE37: 8 | NF37: 10 | NG37: 9
B38: ALtaqnya supervisor | F38: 9 | G38: 7 | H38: 9 | I38: 7 | J38: 4 | K38: 9 | L38: 7 | M38: 9 | N38: 7 | O38: 9 | P38: 7 | Q38: 4 | R38: 9 | S38: 7 | T38: 9 | U38: 7 | V38: 9 | W38: 7 | X38: 4 | Y38: 9 | Z38: 7 | AA38: 9 | AB38: 7 | AC38: 9 | AD38: 7 | AE38: 4 | AF38: 9 | AG38: 7 | AH38: 9 | AI38: 7 | AJ38: 9 | AK38: 7 | AL38: 4 | AM38: 9 | AN38: 7 | AO38: 9 | AP38: 7 | AQ38: 9 | AR38: 7 | AS38: 4 | AT38: 9 | AU38: 7 | AV38: 9 | AW38: 7 | AX38: 9 | AY38: 7 | AZ38: 4 | BA38: 9 | BB38: 7 | BC38: 9 | BD38: 7 | BE38: 9 | BF38: 7 | BG38: 4 | BH38: 9 | BI38: 7 | BJ38: 9 | BK38: 7 | BL38: 9 | BM38: 7 | BN38: 4 | BO38: 9 | BP38: 7 | BQ38: 9 | BR38: 7 | BS38: 9 | BT38: 7 | BU38: 4 | BV38: 9 | BW38: 7 | BX38: 9 | BY38: 7 | BZ38: 8 | CA38: 7 | CB38: 3 | CC38: 7 | CD38: 7 | CE38: 6 | CF38: 7 | CG38: 6 | CH38: 7 | CI38: 1 | CJ38: 6 | CK38: 6 | CL38: 7 | CM38: 6 | CN38: 7 | CO38: 6 | CP38: 2 | CQ38: 6 | CR38: 7 | CS38: 6 | CT38: 7 | CU38: 7 | CV38: 8 | CW38: 2 | CX38: 8 | CY38: 6 | CZ38: 8 | DA38: 7 | DC38: 7 | DD38: 4 | DE38: 9 | DF38: 7 | DG38: 9 | DH38: 7 | DI38: 9 | DJ38: 7 | DK38: 4 | DL38: 9 | DM38: 7 | DN38: 9 | DO38: 7 | DP38: 9 | DQ38: 7 | DR38: 4 | DS38: 9 | DT38: 7 | DU38: 9 | DV38: 7 | DW38: 9 | DX38: 7 | DY38: 4 | DZ38: 9 | EA38: 7 | EB38: 9 | EC38: 7 | ED38: 9 | EE38: 7 | EF38: 4 | EG38: 9 | EH38: 7 | EI38: 9 | EJ38: 7 | EK38: 9 | EL38: 7 | EM38: 4 | EN38: 9 | EO38: 7 | EP38: 9 | EQ38: 7 | ER38: 9 | ES38: 7 | ET38: 4 | EU38: 9 | EV38: 7 | EW38: 9 | EX38: 7 | EY38: 9 | EZ38: 7 | FA38: 4 | FB38: 9 | FC38: 7 | FD38: 9 | FE38: 7 | FF38: 9 | FG38: 7 | FH38: 4 | FI38: 9 | FJ38: 7 | FK38: 9 | FL38: 7 | FM38: 9 | FN38: 7 | FO38: 4 | FP38: 9 | FQ38: 0 | FR38: 0 | FS38: 7 | FT38: 9 | FU38: 7 | FV38: 4 | FW38: 9 | FX38: 7 | FY38: 9 | FZ38: 7 | GA38: 9 | GB38: 7 | GC38: 3 | GD38: 9 | GE38: 7 | GF38: 8 | GG38: 8 | GH38: 8 | GI38: 7 | GJ38: 4 | GK38: 8 | GL38: 9 | GM38: 7 | GN38: 9 | GO38: 7 | GP38: 8 | GQ38: 2 | GR38: 8 | GS38: 8 | GT38: 7 | GU38: 7 | GV38: 7 | GW38: 6 | GX38: 4 | GY38: 8 | GZ38: 9 | HA38: 7 | HB38: 9 | HC38: 7 | HD38: 8 | HE38: 3 | HF38: 9 | HG38: 8 | HH38: 8 | HI38: 8 | HJ38: 8 | HK38: 8 | HL38: 3 | HM38: 9 | HN38: 8 | HO38: 8 | HP38: 7 | HQ38: 8 | HR38: 7 | HS38: 4 | HT38: 8 | HU38: 9 | HV38: 7 | HW38: 9 | HX38: 7 | HY38: 7 | HZ38: 3 | IA38: 9 | IB38: 8 | IC38: 8 | ID38: 7 | IE38: 7 | IF38: 7 | IG38: 4 | IH38: 8 | II38: 9 | IJ38: 7 | IK38: 8 | IL38: 7 | IM38: 8 | IN38: 3 | IO38: 8 | IP38: 9 | IQ38: 9 | IR38: 9 | IS38: 9 | IT38: 8 | IU38: 4 | IV38: 9 | IW38: 10 | IX38: 8 | IY38: 10 | IZ38: 8 | JA38: 9 | JB38: 3 | JC38: 10 | JD38: 9 | JE38: 9 | JF38: 9 | JG38: 9 | JH38: 8 | JI38: 4 | JJ38: 9 | JK38: 10 | JL38: 8 | JM38: 10 | JN38: 8 | JO38: 9 | JP38: 3 | JQ38: 10 | JR38: 9 | JS38: 9 | JT38: 9 | JU38: 9 | JV38: 8 | JW38: 4 | JX38: 9 | JY38: 10 | JZ38: 8 | KA38: 10 | KB38: 8 | KC38: 9 | KD38: 3 | KE38: 10 | KF38: 9 | KG38: 9 | KH38: 9 | KI38: 9 | KJ38: 8 | KK38: 4 | KL38: 9 | KM38: 10 | KN38: 8 | KO38: 10 | KP38: 8 | KQ38: 9 | KR38: 3 | KS38: 10 | KT38: 9 | KU38: 9 | KV38: 9 | KW38: 9 | KX38: 8 | KY38: 4 | KZ38: 9 | LA38: 10 | LB38: 8 | LC38: 10 | LD38: 8 | LE38: 9 | LF38: 3 | LG38: 10 | LH38: 9 | LI38: 9 | LJ38: 9 | LK38: 9 | LL38: 8 | LM38: 4 | LN38: 9 | LO38: 10 | LP38: 8 | LQ38: 10 | LR38: 8 | LS38: 9 | LT38: 3 | LU38: 10 | LV38: 9 | LW38: 9 | LX38: 9 | LY38: 9 | LZ38: 8 | MA38: 4 | MB38: 9 | MC38: 10 | MD38: 8 | ME38: 10 | MF38: 8 | MG38: 9 | MH38: 3 | MI38: 10 | MJ38: 9 | MK38: 9 | ML38: 9 | MM38: 9 | MN38: 8 | MO38: 4 | MP38: 8 | MQ38: 10 | MR38: 8 | MS38: 10 | MT38: 8 | MU38: 9 | MV38: 3 | MW38: 10 | MX38: 9 | MY38: 9 | MZ38: 9 | NA38: 7 | NB38: 8 | NC38: 4 | ND38: 9 | NE38: 10 | NF38: 8 | NG38: 9
B39: Tadamon supervisor | F39: 7 | G39: 9 | H39: 7 | I39: 9 | J39: 3 | K39: 7 | L39: 9 | M39: 7 | N39: 9 | O39: 7 | P39: 9 | Q39: 3 | R39: 7 | S39: 9 | T39: 7 | U39: 9 | V39: 7 | W39: 9 | X39: 3 | Y39: 7 | Z39: 9 | AA39: 7 | AB39: 9 | AC39: 7 | AD39: 9 | AE39: 3 | AF39: 7 | AG39: 9 | AH39: 7 | AI39: 9 | AJ39: 7 | AK39: 9 | AL39: 3 | AM39: 7 | AN39: 9 | AO39: 7 | AP39: 9 | AQ39: 7 | AR39: 9 | AS39: 3 | AT39: 7 | AU39: 9 | AV39: 7 | AW39: 9 | AX39: 7 | AY39: 9 | AZ39: 3 | BA39: 7 | BB39: 9 | BC39: 7 | BD39: 9 | BE39: 7 | BF39: 9 | BG39: 3 | BH39: 7 | BI39: 9 | BJ39: 7 | BK39: 9 | BL39: 7 | BM39: 9 | BN39: 3 | BO39: 7 | BP39: 9 | BQ39: 7 | BR39: 9 | BS39: 7 | BT39: 9 | BU39: 3 | BV39: 7 | BW39: 9 | BX39: 7 | BY39: 8 | BZ39: 7 | CA39: 8 | CB39: 2 | CC39: 7 | CD39: 7 | CE39: 8 | CF39: 7 | CG39: 8 | CH39: 7 | CI39: 3 | CJ39: 6 | CK39: 7 | CL39: 7 | CM39: 8 | CN39: 7 | CO39: 8 | CP39: 2 | CQ39: 7 | CR39: 7 | CS39: 8 | CT39: 7 | CU39: 8 | CV39: 7 | CW39: 3 | CX39: 6 | CY39: 8 | CZ39: 7 | DA39: 8 | DC39: 9 | DD39: 3 | DE39: 7 | DF39: 9 | DG39: 7 | DH39: 9 | DI39: 7 | DJ39: 9 | DK39: 3 | DL39: 7 | DM39: 9 | DN39: 7 | DO39: 9 | DP39: 7 | DQ39: 9 | DR39: 3 | DS39: 7 | DT39: 9 | DU39: 7 | DV39: 9 | DW39: 7 | DX39: 9 | DY39: 3 | DZ39: 7 | EA39: 9 | EB39: 7 | EC39: 9 | ED39: 7 | EE39: 9 | EF39: 3 | EG39: 7 | EH39: 9 | EI39: 7 | EJ39: 9 | EK39: 7 | EL39: 9 | EM39: 3 | EN39: 7 | EO39: 9 | EP39: 7 | EQ39: 9 | ER39: 7 | ES39: 9 | ET39: 3 | EU39: 7 | EV39: 9 | EW39: 7 | EX39: 9 | EY39: 7 | EZ39: 9 | FA39: 3 | FB39: 7 | FC39: 9 | FD39: 7 | FE39: 9 | FF39: 7 | FG39: 9 | FH39: 3 | FI39: 7 | FJ39: 9 | FK39: 7 | FL39: 9 | FM39: 7 | FN39: 9 | FO39: 3 | FP39: 7 | FQ39: 0 | FR39: 0 | FS39: 8 | FT39: 7 | FU39: 9 | FV39: 3 | FW39: 7 | FX39: 9 | FY39: 7 | FZ39: 9 | GA39: 7 | GB39: 9 | GC39: 4 | GD39: 7 | GE39: 9 | GF39: 8 | GG39: 8 | GH39: 8 | GI39: 9 | GJ39: 3 | GK39: 8 | GL39: 7 | GM39: 9 | GN39: 7 | GO39: 9 | GP39: 8 | GQ39: 4 | GR39: 7 | GS39: 8 | GT39: 8 | GU39: 8 | GV39: 8 | GW39: 9 | GX39: 3 | GY39: 8 | GZ39: 6 | HA39: 4 | HB39: 7 | HC39: 9 | HD39: 8 | HE39: 4 | HF39: 7 | HG39: 8 | HH39: 8 | HI39: 8 | HJ39: 8 | HK39: 8 | HL39: 4 | HM39: 7 | HN39: 8 | HO39: 8 | HP39: 7 | HQ39: 8 | HR39: 9 | HS39: 3 | HT39: 8 | HU39: 7 | HV39: 9 | HW39: 7 | HX39: 9 | HY39: 7 | HZ39: 4 | IA39: 7 | IB39: 8 | IC39: 8 | ID39: 7 | IE39: 7 | IF39: 9 | IG39: 3 | IH39: 8 | II39: 7 | IJ39: 9 | IK39: 6 | IL39: 9 | IM39: 8 | IN39: 4 | IO39: 6 | IP39: 9 | IQ39: 9 | IR39: 9 | IS39: 9 | IT39: 10 | IU39: 3 | IV39: 9 | IW39: 8 | IX39: 10 | IY39: 8 | IZ39: 10 | JA39: 9 | JB39: 4 | JC39: 8 | JD39: 9 | JE39: 9 | JF39: 9 | JG39: 9 | JH39: 10 | JI39: 3 | JJ39: 9 | JK39: 8 | JL39: 10 | JM39: 8 | JN39: 10 | JO39: 9 | JP39: 4 | JQ39: 8 | JR39: 9 | JS39: 9 | JT39: 9 | JU39: 9 | JV39: 10 | JW39: 3 | JX39: 7 | JY39: 6 | JZ39: 7 | KA39: 5 | KB39: 8 | KC39: 7 | KD39: 4 | KE39: 6 | KF39: 7 | KG39: 9 | KH39: 9 | KI39: 9 | KJ39: 10 | KK39: 3 | KL39: 9 | KM39: 8 | KN39: 10 | KO39: 8 | KP39: 10 | KQ39: 9 | KR39: 4 | KS39: 8 | KT39: 9 | KU39: 9 | KV39: 9 | KW39: 9 | KX39: 10 | KY39: 3 | KZ39: 9 | LA39: 8 | LB39: 10 | LC39: 8 | LD39: 10 | LE39: 9 | LF39: 4 | LG39: 8 | LH39: 9 | LI39: 9 | LJ39: 9 | LK39: 9 | LL39: 10 | LM39: 3 | LN39: 9 | LO39: 8 | LP39: 10 | LQ39: 8 | LR39: 10 | LS39: 9 | LT39: 4 | LU39: 8 | LV39: 9 | LW39: 9 | LX39: 9 | LY39: 9 | LZ39: 10 | MA39: 3 | MB39: 9 | MC39: 8 | MD39: 10 | ME39: 8 | MF39: 10 | MG39: 9 | MH39: 4 | MI39: 8 | MJ39: 9 | MK39: 9 | ML39: 9 | MM39: 9 | MN39: 10 | MO39: 3 | MP39: 9 | MQ39: 8 | MR39: 10 | MS39: 8 | MT39: 10 | MU39: 9 | MV39: 4 | MW39: 8 | MX39: 9 | MY39: 9 | MZ39: 9 | NA39: 9 | NB39: 10 | NC39: 3 | ND39: 9 | NE39: 8 | NF39: 10 | NG39: 9
B40: Target Agent | D40: =LOOKUP(2,1/(F40:XA40<>""),F40:XA40) -> 180 | F40: =F43+F42 -> 173 | G40: =G43+G42 -> 173 | H40: =H43+H42 -> 173 | I40: =I43+I42 -> 173 | J40: =J43+J42 -> 132 | K40: =K43+K42 -> 173 | L40: =L43+L42 -> 173 | M40: =M43+M42 -> 173 | ... BU40: =BU43+BU42 -> 132 | BV40: =BV42+BV43 -> 173 | BW40: =BW42+BW43 -> 58 | BX40: =BX42+BX43 -> 173 | BY40: =BY42+BY43 -> 152 | BZ40: =BZ42+BZ43 -> 152 | CA40: =CA42+CA43 -> 151 | CB40: =CB42+CB43 -> 100 | CC40: =CC42+CC43 -> 151 | ... DC40: =DC42+DC43 -> 173 | DD40: =DD42+DD41 -> 138 | DE40: =DE42+DE43 -> 173 | DF40: =DF42+DF43 -> 173 | DG40: =DG42+DG43 -> 173 | DH40: =DH42+DH43 -> 173 | DI40: =DI42+DI43 -> 173 | DJ40: =DJ42+DJ43 -> 173 | DK40: =DK42+DK43 -> 132 | DL40: =DL42+DL43 -> 173 | ... NG40: =NG42+NG43 -> 180
B41: Agent Available | C41: =AVERAGE(F41:LI41) -> 111.17891 | D41: =LOOKUP(2,1/(F41:XA41<>""),F41:XA41) -> 106 | F41: =F44+F45 -> 131 | G41: =G44+G45 -> 129 | H41: =H44+H45 -> 131 | I41: =I44+I45 -> 124 | J41: =J44+J45 -> 102 | K41: =K44+K45 -> 121 | L41: =L44+L45 -> 128 | M41: =M44+M45 -> 120 | ... CA41: =CA44+CA45 -> 119 | CB41: =CB45+CB44 -> 65 | CC41: =CC44+CC45 -> 115 | CD41: =CD44+CD45 -> 118 | CE41: =CE44+CE45 -> 122 | CF41: =CF44+CF45 -> 122 | CG41: =CG44+CG45 -> 119 | CH41: =CH44+CH45 -> 119 | CI41: =CI44+CI45 -> 69 | CJ41: =CJ44+CJ45 -> 122 | ... DA41: =DA44+DA45 -> 99 | DC41: =DC44+DC45 -> 55 | DD41: =DD44+DD45 -> 72 | DE41: =DE44+DE45 -> 105 | DF41: =DF44+DF45 -> 117 | DG41: =DG44+DG45 -> 129 | DH41: =DH44+DH45 -> 130 | DI41: =DI44+DI45 -> 125 | DJ41: =DJ44+DJ45 -> 121 | ... DQ41: =DQ44+DQ45 -> 107 | DS41: =DS44+DS45 -> 120 | DT41: =DT44+DT45 -> 113 | DU41: =DU44+DU45 -> 118 | DV41: =DV44+DV45 -> 123 | DW41: =DW44+DW45 -> 115 | DX41: =DX44+DX45 -> 100 | DY41: =DY44+DY45 -> 88 | DZ41: =DZ44+DZ45 -> 112 | ... FU41: =FU44+FU45 -> 108 | FW41: =FW44+FW45 -> 95 | FX41: =FX44+FX45 -> 112 | FY41: =FY44+FY45 -> 113 | FZ41: =FZ44+FZ45 -> 110 | GA41: =GA44+GA45 -> 110 | GB41: =GB44+GB45 -> 105 | GC41: =GC44+GC45 -> 74 | GD41: =GD44+GD45 -> 100 | ... NG41: =NG44+NG45 -> 106
B42: ALtaqnya Target Agent | D42: =LOOKUP(2,1/(F42:XA42<>""),F42:XA42) -> 90 | F42: 86 | G42: 87 | H42: 87 | I42: 87 | J42: 66 | K42: 86 | L42: 86 | M42: 86 | N42: 87 | O42: 87 | P42: 87 | Q42: 66 | R42: 86 | S42: 86 | T42: 86 | U42: 87 | V42: 87 | W42: 87 | X42: 66 | Y42: 86 | Z42: 86 | AA42: 86 | AB42: 87 | AC42: 87 | AD42: 87 | AE42: 66 | AF42: 86 | AG42: 86 | AH42: 86 | AI42: 87 | AJ42: 87 | AK42: 87 | AL42: 66 | AM42: 86 | AN42: 86 | AO42: 86 | AP42: 87 | AQ42: 87 | AR42: 87 | AS42: 66 | AT42: 86 | AU42: 86 | AV42: 86 | AW42: 87 | AX42: 87 | AY42: 87 | AZ42: 66 | BA42: 86 | BB42: 86 | BC42: 86 | BD42: 87 | BE42: 87 | BF42: 87 | BG42: 66 | BH42: 86 | BI42: 86 | BJ42: 86 | BK42: 87 | BL42: 87 | BM42: 87 | BN42: 66 | BO42: 86 | BP42: 86 | BQ42: 86 | BR42: 87 | BS42: 87 | BT42: 87 | BU42: 66 | BV42: 86 | BW42: 29 | BX42: 86 | BY42: 76 | BZ42: 76 | CA42: 75 | CB42: 50 | CC42: 76 | CD42: 76 | CE42: 76 | CF42: 76 | CG42: 76 | CH42: 75 | CI42: 50 | CJ42: 76 | CK42: 76 | CL42: 76 | CM42: 76 | CN42: 76 | CO42: 75 | CP42: 50 | CQ42: 76 | CR42: 76 | CS42: 76 | CT42: 76 | CU42: 76 | CV42: 75 | CW42: 50 | CX42: 76 | CY42: 76 | CZ42: 76 | DA42: 76 | DB42: 87 | DC42: 87 | DD42: 66 | DE42: 86 | DF42: 86 | DG42: 86 | DH42: 87 | DI42: 87 | DJ42: 87 | DK42: 66 | DL42: 86 | DM42: 86 | DN42: 86 | DO42: 87 | DP42: 87 | DQ42: 87 | DR42: 66 | DS42: 86 | DT42: 86 | DU42: 86 | DV42: 87 | DW42: 87 | DX42: 87 | DY42: 66 | DZ42: 86 | EA42: 86 | EB42: 86 | EC42: 87 | ED42: 87 | EE42: 87 | EF42: 66 | EG42: 86 | EH42: 86 | EI42: 86 | EJ42: 87 | EK42: 87 | EL42: 87 | EM42: 66 | EN42: 86 | EO42: 86 | EP42: 86 | EQ42: 87 | ER42: 87 | ES42: 87 | ET42: 66 | EU42: 86 | EV42: 86 | EW42: 86 | EX42: 87 | EY42: 87 | EZ42: 87 | FA42: 66 | FB42: 86 | FC42: 86 | FD42: 86 | FE42: 87 | FF42: 87 | FG42: 87 | FH42: 66 | FI42: 86 | FJ42: 86 | FK42: 86 | FL42: 87 | FM42: 87 | FN42: 87 | FO42: 66 | FP42: 86 | FQ42: 86 | FR42: 86 | FS42: 87 | FT42: 87 | FU42: 87 | FV42: 66 | FW42: 86 | FX42: 86 | FY42: 86 | FZ42: 87 | GA42: 87 | GB42: 87 | GC42: 66 | GD42: 86 | GE42: 86 | GF42: 86 | GG42: 87 | GH42: 87 | GI42: 87 | GJ42: 66 | GK42: 86 | GL42: 86 | GM42: 86 | GN42: 87 | GO42: 87 | GP42: 87 | GQ42: 66 | GR42: 86 | GS42: 86 | GT42: 86 | GU42: 87 | GV42: 87 | GW42: 87 | GX42: 66 | GY42: 86 | GZ42: 86 | HA42: 86 | HB42: 87 | HC42: 87 | HD42: 87 | HE42: 66 | HF42: 86 | HG42: 86 | HH42: 86 | HI42: 87 | HJ42: 87 | HK42: 87 | HL42: 66 | HM42: 86 | HN42: 86 | HO42: 86 | HP42: 87 | HQ42: 87 | HR42: 87 | HS42: 66 | HT42: 86 | HU42: 86 | HV42: 86 | HW42: 87 | HX42: 87 | HY42: 87 | HZ42: 66 | IA42: 86 | IB42: 86 | IC42: 86 | ID42: 87 | IE42: 87 | IF42: 87 | IG42: 66 | IH42: 86 | II42: 86 | IJ42: 86 | IK42: 87 | IL42: 87 | IM42: 87 | IN42: 66 | IO42: 86 | IP42: 86 | IQ42: 86 | IR42: 87 | IS42: 87 | IT42: 87 | IU42: 66 | IV42: 86 | IW42: 86 | IX42: 86 | IY42: 87 | IZ42: 87 | JA42: 87 | JB42: 66 | JC42: 86 | JD42: 86 | JE42: 86 | JF42: 87 | JG42: 87 | JH42: 87 | JI42: 66 | JJ42: 86 | JK42: 86 | JL42: 86 | JM42: 87 | JN42: 87 | JO42: 87 | JP42: 66 | JQ42: 86 | JR42: 86 | JS42: 86 | JT42: 90 | JU42: 91 | JV42: 91 | JW42: 68 | JX42: 90 | JY42: 90 | JZ42: 90 | KA42: 90 | KB42: 91 | KC42: 91 | KD42: 68 | KE42: 90 | KF42: 90 | KG42: 90 | KH42: 90 | KI42: 91 | KJ42: 91 | KK42: 68 | KL42: 90 | KM42: 90 | KN42: 90 | KO42: 90 | KP42: 91 | KQ42: 91 | KR42: 68 | KS42: 90 | KT42: 90 | KU42: 90 | KV42: 90 | KW42: 91 | KX42: 91 | KY42: 68 | KZ42: 90 | LA42: 90 | LB42: 90 | LC42: 90 | LD42: 91 | LE42: 91 | LF42: 68 | LG42: 90 | LH42: 90 | LI42: 90 | LJ42: 90 | LK42: 91 | LL42: 91 | LM42: 68 | LN42: 90 | LO42: 90 | LP42: 90 | LQ42: 90 | LR42: 91 | LS42: 91 | LT42: 68 | LU42: 90 | LV42: 90 | LW42: 90 | LX42: 90 | LY42: 91 | LZ42: 91 | MA42: 68 | MB42: 90 | MC42: 90 | MD42: 90 | ME42: 90 | MF42: 91 | MG42: 91 | MH42: 68 | MI42: 90 | MJ42: 90 | MK42: 90 | ML42: 90 | MM42: 91 | MN42: 91 | MO42: 68 | MP42: 90 | MQ42: 90 | MR42: 90 | MS42: 90 | MT42: 91 | MU42: 91 | MV42: 68 | MW42: 90 | MX42: 90 | MY42: 90 | MZ42: 90 | NA42: 91 | NB42: 91 | NC42: 68 | ND42: 90 | NE42: 90 | NF42: 90 | NG42: 90
B43: Tadamon Target Agent | D43: =LOOKUP(2,1/(F43:XA43<>""),F43:XA43) -> 90 | F43: 87 | G43: 86 | H43: 86 | I43: 86 | J43: 66 | K43: 87 | L43: 87 | M43: 87 | N43: 86 | O43: 86 | P43: 86 | Q43: 66 | R43: 87 | S43: 87 | T43: 87 | U43: 86 | V43: 86 | W43: 86 | X43: 66 | Y43: 87 | Z43: 87 | AA43: 87 | AB43: 86 | AC43: 86 | AD43: 86 | AE43: 66 | AF43: 87 | AG43: 87 | AH43: 87 | AI43: 86 | AJ43: 86 | AK43: 86 | AL43: 66 | AM43: 87 | AN43: 87 | AO43: 87 | AP43: 86 | AQ43: 86 | AR43: 86 | AS43: 66 | AT43: 87 | AU43: 87 | AV43: 87 | AW43: 86 | AX43: 86 | AY43: 86 | AZ43: 66 | BA43: 87 | BB43: 87 | BC43: 87 | BD43: 86 | BE43: 86 | BF43: 86 | BG43: 66 | BH43: 87 | BI43: 87 | BJ43: 87 | BK43: 86 | BL43: 86 | BM43: 86 | BN43: 66 | BO43: 87 | BP43: 87 | BQ43: 87 | BR43: 86 | BS43: 86 | BT43: 86 | BU43: 66 | BV43: 87 | BW43: 29 | BX43: 87 | BY43: 76 | BZ43: 76 | CA43: 76 | CB43: 50 | CC43: 75 | CD43: 76 | CE43: 76 | CF43: 76 | CG43: 76 | CH43: 76 | CI43: 50 | CJ43: 75 | CK43: 76 | CL43: 76 | CM43: 76 | CN43: 76 | CO43: 76 | CP43: 50 | CQ43: 75 | CR43: 76 | CS43: 76 | CT43: 76 | CU43: 76 | CV43: 76 | CW43: 50 | CX43: 75 | CY43: 76 | CZ43: 76 | DA43: 76 | DB43: 86 | DC43: 86 | DD43: 66 | DE43: 87 | DF43: 87 | DG43: 87 | DH43: 86 | DI43: 86 | DJ43: 86 | DK43: 66 | DL43: 87 | DM43: 87 | DN43: 87 | DO43: 86 | DP43: 86 | DQ43: 86 | DR43: 66 | DS43: 87 | DT43: 87 | DU43: 87 | DV43: 86 | DW43: 86 | DX43: 86 | DY43: 66 | DZ43: 87 | EA43: 87 | EB43: 87 | EC43: 86 | ED43: 86 | EE43: 86 | EF43: 66 | EG43: 87 | EH43: 87 | EI43: 87 | EJ43: 86 | EK43: 86 | EL43: 86 | EM43: 66 | EN43: 87 | EO43: 87 | EP43: 87 | EQ43: 86 | ER43: 86 | ES43: 86 | ET43: 66 | EU43: 87 | EV43: 87 | EW43: 87 | EX43: 86 | EY43: 86 | EZ43: 86 | FA43: 66 | FB43: 87 | FC43: 87 | FD43: 87 | FE43: 86 | FF43: 86 | FG43: 86 | FH43: 66 | FI43: 87 | FJ43: 87 | FK43: 87 | FL43: 86 | FM43: 86 | FN43: 86 | FO43: 66 | FP43: 87 | FQ43: 87 | FR43: 87 | FS43: 86 | FT43: 86 | FU43: 86 | FV43: 66 | FW43: 87 | FX43: 87 | FY43: 87 | FZ43: 86 | GA43: 86 | GB43: 86 | GC43: 66 | GD43: 87 | GE43: 87 | GF43: 87 | GG43: 86 | GH43: 86 | GI43: 86 | GJ43: 66 | GK43: 87 | GL43: 87 | GM43: 87 | GN43: 86 | GO43: 86 | GP43: 86 | GQ43: 66 | GR43: 87 | GS43: 87 | GT43: 87 | GU43: 86 | GV43: 86 | GW43: 86 | GX43: 66 | GY43: 87 | GZ43: 87 | HA43: 87 | HB43: 86 | HC43: 86 | HD43: 86 | HE43: 66 | HF43: 87 | HG43: 87 | HH43: 87 | HI43: 86 | HJ43: 86 | HK43: 86 | HL43: 66 | HM43: 87 | HN43: 87 | HO43: 87 | HP43: 86 | HQ43: 86 | HR43: 86 | HS43: 66 | HT43: 87 | HU43: 87 | HV43: 87 | HW43: 86 | HX43: 86 | HY43: 86 | HZ43: 66 | IA43: 87 | IB43: 87 | IC43: 87 | ID43: 86 | IE43: 86 | IF43: 86 | IG43: 66 | IH43: 87 | II43: 87 | IJ43: 87 | IK43: 86 | IL43: 86 | IM43: 86 | IN43: 66 | IO43: 87 | IP43: 87 | IQ43: 87 | IR43: 86 | IS43: 86 | IT43: 86 | IU43: 66 | IV43: 87 | IW43: 87 | IX43: 87 | IY43: 86 | IZ43: 86 | JA43: 86 | JB43: 66 | JC43: 87 | JD43: 87 | JE43: 87 | JF43: 86 | JG43: 86 | JH43: 86 | JI43: 66 | JJ43: 87 | JK43: 87 | JL43: 87 | JM43: 86 | JN43: 86 | JO43: 86 | JP43: 66 | JQ43: 87 | JR43: 87 | JS43: 87 | JT43: 90 | JU43: 91 | JV43: 91 | JW43: 68 | JX43: 90 | JY43: 90 | JZ43: 90 | KA43: 90 | KB43: 91 | KC43: 91 | KD43: 68 | KE43: 90 | KF43: 90 | KG43: 90 | KH43: 90 | KI43: 91 | KJ43: 91 | KK43: 68 | KL43: 90 | KM43: 90 | KN43: 90 | KO43: 90 | KP43: 91 | KQ43: 91 | KR43: 68 | KS43: 90 | KT43: 90 | KU43: 90 | KV43: 90 | KW43: 91 | KX43: 91 | KY43: 68 | KZ43: 90 | LA43: 90 | LB43: 90 | LC43: 90 | LD43: 91 | LE43: 91 | LF43: 68 | LG43: 90 | LH43: 90 | LI43: 90 | LJ43: 90 | LK43: 91 | LL43: 91 | LM43: 68 | LN43: 90 | LO43: 90 | LP43: 90 | LQ43: 90 | LR43: 91 | LS43: 91 | LT43: 68 | LU43: 90 | LV43: 90 | LW43: 90 | LX43: 90 | LY43: 91 | LZ43: 91 | MA43: 68 | MB43: 90 | MC43: 90 | MD43: 90 | ME43: 90 | MF43: 91 | MG43: 91 | MH43: 68 | MI43: 90 | MJ43: 90 | MK43: 90 | ML43: 90 | MM43: 91 | MN43: 91 | MO43: 68 | MP43: 90 | MQ43: 90 | MR43: 90 | MS43: 90 | MT43: 91 | MU43: 91 | MV43: 68 | MW43: 90 | MX43: 90 | MY43: 90 | MZ43: 90 | NA43: 91 | NB43: 91 | NC43: 68 | ND43: 90 | NE43: 90 | NF43: 90 | NG43: 90
B44: ALtaqnya Agent | D44: =LOOKUP(2,1/(F44:XA44<>""),F44:XA44) -> 52 | F44: 66 | G44: 67 | H44: 70 | I44: 59 | J44: 48 | K44: 60 | L44: 68 | M44: 65 | N44: 60 | O44: 60 | P44: 61 | Q44: 45 | R44: 62 | S44: 62 | T44: 62 | U44: 59 | V44: 63 | W44: 64 | X44: 45 | Y44: 56 | Z44: 61 | AA44: 58 | AB44: 65 | AC44: 63 | AD44: 60 | AE44: 43 | AF44: 58 | AG44: 56 | AH44: 62 | AI44: 69 | AJ44: 63 | AK44: 52 | AL44: 43 | AM44: 47 | AN44: 59 | AO44: 56 | AP44: 60 | AQ44: 51 | AR44: 53 | AS44: 40 | AT44: 60 | AU44: 62 | AV44: 68 | AW44: 66 | AX44: 66 | AY44: 65 | AZ44: 43 | BA44: 50 | BB44: 59 | BC44: 64 | BD44: 65 | BE44: 58 | BF44: 58 | BG44: 43 | BH44: 59 | BI44: 65 | BJ44: 58 | BK44: 63 | BL44: 65 | BM44: 62 | BN44: 37 | BO44: 54 | BP44: 61 | BQ44: 61 | BR44: 61 | BS44: 58 | BT44: 51 | BU44: 36 | BV44: 52 | BW44: 26 | BX44: 58 | BY44: 58 | BZ44: 57 | CA44: 57 | CB44: 29 | CC44: 55 | CD44: 57 | CE44: 59 | CF44: 58 | CG44: 59 | CH44: 57 | CI44: 31 | CJ44: 57 | CK44: 54 | CL44: 57 | CM44: 56 | CN44: 58 | CO44: 59 | CP44: 59 | CQ44: 59 | CR44: 57 | CS44: 57 | CT44: 50 | CU44: 51 | CV44: 50 | CW44: 28 | CX44: 51 | CY44: 54 | CZ44: 54 | DA44: 45 | DC44: 31 | DD44: 33 | DE44: 49 | DF44: 54 | DG44: 63 | DH44: 63 | DI44: 59 | DJ44: 54 | DK44: 42 | DL44: 53 | DM44: 59 | DN44: 55 | DO44: 59 | DP44: 53 | DQ44: 47 | DR44: 39 | DS44: 54 | DT44: 50 | DU44: 51 | DV44: 61 | DW44: 56 | DX44: 44 | DY44: 42 | DZ44: 54 | EA44: 55 | EB44: 55 | EC44: 50 | ED44: 52 | EE44: 42 | EF44: 39 | EG44: 46 | EH44: 47 | EI44: 51 | EJ44: 55 | EK44: 51 | EL44: 46 | EM44: 32 | EN44: 56 | EO44: 55 | EP44: 61 | EQ44: 52 | ER44: 55 | ES44: 51 | ET44: 35 | EU44: 48 | EV44: 54 | EW44: 55 | EX44: 50 | EY44: 53 | EZ44: 49 | FA44: 31 | FB44: 42 | FC44: 47 | FD44: 44 | FE44: 47 | FF44: 44 | FG44: 47 | FH44: 26 | FI44: 51 | FJ44: 47 | FK44: 59 | FL44: 55 | FM44: 54 | FN44: 53 | FO44: 37 | FP44: 49 | FQ44: 0 | FR44: 0 | FS44: 47 | FT44: 49 | FU44: 51 | FW44: 42 | FX44: 53 | FY44: 54 | FZ44: 53 | GA44: 53 | GB44: 46 | GC44: 31 | GD44: 45 | GE44: 54 | GF44: 47 | GG44: 48 | GH44: 55 | GI44: 53 | GJ44: 37 | GK44: 49 | GL44: 62 | GM44: 57 | GN44: 57 | GO44: 56 | GP44: 47 | GQ44: 46 | GR44: 51 | GS44: 55 | GT44: 52 | GU44: 59 | GV44: 60 | GW44: 48 | GX44: 41 | GY44: 56 | GZ44: 55 | HA44: 56 | HB44: 59 | HC44: 61 | HD44: 56 | HE44: 37 | HF44: 60 | HG44: 55 | HH44: 57 | HI44: 56 | HJ44: 52 | HK44: 53 | HL44: 37 | HM44: 44 | HN44: 57 | HO44: 60 | HP44: 64 | HQ44: 62 | HR44: 57 | HS44: 37 | HT44: 60 | HU44: 58 | HV44: 57 | HW44: 63 | HX44: 57 | HY44: 57 | HZ44: 39 | IA44: 60 | IB44: 58 | IC44: 64 | ID44: 65 | IE44: 60 | IF44: 53 | IG44: 38 | IH44: 48 | II44: 54 | IJ44: 59 | IK44: 64 | IL44: 58 | IM44: 59 | IN44: 39 | IO44: 51 | IP44: 56 | IQ44: 59 | IR44: 60 | IS44: 51 | IT44: 54 | IU44: 31 | IV44: 56 | IW44: 56 | IX44: 61 | IY44: 57 | IZ44: 55 | JA44: 57 | JB44: 34 | JC44: 52 | JD44: 55 | JE44: 59 | JF44: 61 | JG44: 62 | JH44: 61 | JI44: 38 | JJ44: 57 | JK44: 58 | JL44: 57 | JM44: 58 | JN44: 56 | JO44: 55 | JP44: 40 | JQ44: 57 | JR44: 64 | JS44: 59 | JT44: 68 | JU44: 66 | JV44: 55 | JW44: 43 | JX44: 47 | JY44: 53 | JZ44: 55 | KA44: 62 | KB44: 57 | KC44: 56 | KD44: 40 | KE44: 56 | KF44: 56 | KG44: 54 | KH44: 47 | KI44: 64 | KJ44: 52 | KK44: 43 | KL44: 53 | KM44: 58 | KN44: 59 | KO44: 59 | KP44: 57 | KQ44: 58 | KR44: 38 | KS44: 57 | KT44: 54 | KU44: 52 | KV44: 57 | KW44: 64 | KX44: 50 | KY44: 36 | KZ44: 48 | LA44: 51 | LB44: 48 | LC44: 55 | LD44: 56 | LE44: 48 | LF44: 30 | LG44: 55 | LH44: 54 | LI44: 56 | LJ44: 57 | LK44: 53 | LL44: 40 | LM44: 28 | LN44: 53 | LO44: 51 | LP44: 52 | LQ44: 46 | LR44: 50 | LS44: 50 | LT44: 30 | LU44: 50 | LV44: 49 | LW44: 52 | LX44: 47 | LY44: 54 | LZ44: 47 | MA44: 29 | MB44: 53 | MC44: 48 | MD44: 44 | ME44: 50 | MF44: 47 | MG44: 43 | MH44: 27 | MI44: 48 | MJ44: 49 | MK44: 53 | ML44: 52 | MM44: 47 | MN44: 43 | MO44: 31 | MP44: 53 | MQ44: 54 | MR44: 51 | MS44: 55 | MT44: 53 | MU44: 49 | MV44: 34 | MW44: 53 | MX44: 49 | MY44: 49 | MZ44: 43 | NA44: 49 | NB44: 39 | NC44: 31 | ND44: 45 | NE44: 46 | NF44: 56 | NG44: 52
B45: Tadamon Agent | D45: =LOOKUP(2,1/(F45:XA45<>""),F45:XA45) -> 54 | F45: 65 | G45: 62 | H45: 61 | I45: 65 | J45: 54 | K45: 61 | L45: 60 | M45: 55 | N45: 68 | O45: 59 | P45: 62 | Q45: 52 | R45: 63 | S45: 60 | T45: 71 | U45: 65 | V45: 66 | W45: 58 | X45: 53 | Y45: 59 | Z45: 67 | AA45: 65 | AB45: 68 | AC45: 65 | AD45: 57 | AE45: 47 | AF45: 59 | AG45: 62 | AH45: 60 | AI45: 64 | AJ45: 58 | AK45: 56 | AL45: 53 | AM45: 58 | AN45: 57 | AO45: 66 | AP45: 67 | AQ45: 65 | AR45: 64 | AS45: 49 | AT45: 56 | AU45: 69 | AV45: 72 | AW45: 74 | AX45: 69 | AY45: 74 | AZ45: 54 | BA45: 71 | BB45: 76 | BC45: 70 | BD45: 78 | BE45: 67 | BF45: 67 | BG45: 53 | BH45: 67 | BI45: 65 | BJ45: 73 | BK45: 69 | BL45: 70 | BM45: 66 | BN45: 48 | BO45: 61 | BP45: 62 | BQ45: 60 | BR45: 67 | BS45: 62 | BT45: 65 | BU45: 40 | BV45: 60 | BW45: 26 | BX45: 67 | BY45: 63 | BZ45: 64 | CA45: 62 | CB45: 36 | CC45: 60 | CD45: 61 | CE45: 63 | CF45: 64 | CG45: 60 | CH45: 62 | CI45: 38 | CJ45: 65 | CK45: 63 | CL45: 64 | CM45: 64 | CN45: 65 | CO45: 64 | CP45: 64 | CQ45: 57 | CR45: 64 | CS45: 61 | CT45: 62 | CU45: 62 | CV45: 57 | CW45: 33 | CX45: 60 | CY45: 59 | CZ45: 58 | DA45: 54 | DC45: 24 | DD45: 39 | DE45: 56 | DF45: 63 | DG45: 66 | DH45: 67 | DI45: 66 | DJ45: 67 | DK45: 48 | DL45: 63 | DM45: 63 | DN45: 64 | DO45: 71 | DP45: 65 | DQ45: 60 | DR45: 44 | DS45: 66 | DT45: 63 | DU45: 67 | DV45: 62 | DW45: 59 | DX45: 56 | DY45: 46 | DZ45: 58 | EA45: 60 | EB45: 55 | EC45: 53 | ED45: 56 | EE45: 52 | EF45: 38 | EG45: 54 | EH45: 60 | EI45: 53 | EJ45: 57 | EK45: 59 | EL45: 42 | EM45: 40 | EN45: 49 | EO45: 55 | EP45: 50 | EQ45: 57 | ER45: 52 | ES45: 59 | ET45: 38 | EU45: 55 | EV45: 55 | EW45: 54 | EX45: 54 | EY45: 54 | EZ45: 54 | FA45: 39 | FB45: 48 | FC45: 56 | FD45: 51 | FE45: 48 | FF45: 51 | FG45: 50 | FH45: 33 | FI45: 51 | FJ45: 44 | FK45: 64 | FL45: 57 | FM45: 56 | FN45: 55 | FO45: 48 | FP45: 52 | FQ45: 0 | FR45: 0 | FS45: 52 | FT45: 53 | FU45: 57 | FV45: 41 | FW45: 53 | FX45: 59 | FY45: 59 | FZ45: 57 | GA45: 57 | GB45: 59 | GC45: 43 | GD45: 55 | GE45: 59 | GF45: 54 | GG45: 62 | GH45: 66 | GI45: 55 | GJ45: 47 | GK45: 58 | GL45: 66 | GM45: 64 | GN45: 64 | GO45: 61 | GP45: 63 | GQ45: 35 | GR45: 64 | GS45: 68 | GT45: 70 | GU45: 61 | GV45: 64 | GW45: 46 | GX45: 42 | GY45: 60 | GZ45: 60 | HA45: 61 | HB45: 53 | HC45: 52 | HD45: 56 | HE45: 48 | HF45: 63 | HG45: 63 | HH45: 68 | HI45: 66 | HJ45: 65 | HK45: 66 | HL45: 43 | HM45: 64 | HN45: 66 | HO45: 64 | HP45: 59 | HQ45: 64 | HR45: 63 | HS45: 41 | HT45: 65 | HU45: 54 | HV45: 67 | HW45: 61 | HX45: 59 | HY45: 64 | HZ45: 45 | IA45: 57 | IB45: 62 | IC45: 65 | ID45: 57 | IE45: 59 | IF45: 53 | IG45: 44 | IH45: 65 | II45: 61 | IJ45: 67 | IK45: 58 | IL45: 59 | IM45: 66 | IN45: 50 | IO45: 62 | IP45: 65 | IQ45: 62 | IR45: 62 | IS45: 58 | IT45: 55 | IU45: 37 | IV45: 52 | IW45: 54 | IX45: 52 | IY45: 55 | IZ45: 58 | JA45: 59 | JB45: 43 | JC45: 62 | JD45: 55 | JE45: 62 | JF45: 60 | JG45: 58 | JH45: 56 | JI45: 40 | JJ45: 52 | JK45: 62 | JL45: 56 | JM45: 59 | JN45: 61 | JO45: 60 | JP45: 37 | JQ45: 62 | JR45: 61 | JS45: 60 | JT45: 59 | JU45: 66 | JV45: 66 | JW45: 43 | JX45: 59 | JY45: 63 | JZ45: 69 | KA45: 67 | KB45: 63 | KC45: 69 | KD45: 48 | KE45: 69 | KF45: 66 | KG45: 68 | KH45: 68 | KI45: 69 | KJ45: 59 | KK45: 43 | KL45: 65 | KM45: 70 | KN45: 63 | KO45: 68 | KP45: 69 | KQ45: 61 | KR45: 47 | KS45: 60 | KT45: 62 | KU45: 56 | KV45: 68 | KW45: 60 | KX45: 65 | KY45: 43 | KZ45: 58 | LA45: 61 | LB45: 60 | LC45: 62 | LD45: 61 | LE45: 59 | LF45: 42 | LG45: 59 | LH45: 70 | LI45: 68 | LJ45: 69 | LK45: 58 | LL45: 66 | LM45: 42 | LN45: 57 | LO45: 62 | LP45: 63 | LQ45: 59 | LR45: 53 | LS45: 61 | LT45: 44 | LU45: 59 | LV45: 60 | LW45: 57 | LX45: 57 | LY45: 49 | LZ45: 55 | MA45: 39 | MB45: 61 | MC45: 51 | MD45: 49 | ME45: 46 | MF45: 47 | MG45: 40 | MH45: 32 | MI45: 45 | MJ45: 52 | MK45: 49 | ML45: 55 | MM45: 45 | MN45: 48 | MO45: 34 | MP45: 52 | MQ45: 56 | MR45: 49 | MS45: 52 | MT45: 49 | MU45: 48 | MV45: 39 | MW45: 50 | MX45: 52 | MY45: 47 | MZ45: 44 | NA45: 45 | NB45: 42 | NC45: 32 | ND45: 43 | NE45: 53 | NF45: 51 | NG45: 54
B46: Calls Presented -Peke & off Peke/ Hours | C46: min | D46: max | E46: Avg | F46: =F3 -> 45292 | G46: =G3 -> 45293 | H46: =H3 -> 45294 | I46: =I3 -> 45295 | J46: =J3 -> 45296 | K46: =K3 -> 45297 | L46: =L3 -> 45298 | M46: =M3 -> 45299 | ... NF46: =NF3 -> 45656 | NG46: 31-12
B47: 0 to 1 | C47: =MIN(F47:LI47) -> 212 | D47: =MAX(F47:LI47) -> 24477 | E47: =IFERROR(INT(AVERAGE(F47:LI47)),"0") -> 640 | F47: 544 | G47: 481 | H47: 464 | I47: 656 | J47: 649 | K47: 660 | L47: 691 | M47: 657 | N47: 694 | O47: 695 | P47: 677 | Q47: 747 | R47: 700 | S47: 816 | T47: 683 | U47: 684 | V47: 844 | W47: 631 | X47: 800 | Y47: 693 | Z47: 723 | AA47: 712 | AB47: 659 | AC47: 580 | AD47: 635 | AE47: 697 | AF47: 737 | AG47: 709 | AH47: 580 | AI47: 212 | AJ47: 224 | AK47: 757 | AL47: 383 | AM47: 387 | AN47: 293 | AO47: 357 | AP47: 361 | AQ47: 363 | AR47: 341 | AS47: 370 | AT47: 354 | AU47: 285 | AV47: 321 | AW47: 314 | AX47: 284 | AY47: 360 | AZ47: 360 | BA47: 533 | BB47: 530 | BC47: 487 | BD47: 291 | BE47: 336 | BF47: 343 | BG47: 355 | BH47: 479 | BI47: 681 | BJ47: 401 | BK47: 352 | BL47: 326 | BM47: 319 | BN47: 397 | BO47: 324 | BP47: 351 | BQ47: 347 | BR47: 270 | BS47: 305 | BT47: 260 | BU47: 299 | BV47: 403 | BW47: 267 | BX47: 518 | BY47: 512 | BZ47: 626 | CA47: 577 | CB47: 650 | CC47: 757 | CD47: 721 | CE47: 588 | CF47: 668 | CG47: 690 | CH47: 676 | CI47: 585 | CJ47: 666 | CK47: 745 | CL47: 661 | CN47: 576 | CO47: 771 | CP47: 750 | CQ47: 795 | CR47: 823 | CS47: 737 | CT47: 826 | CU47: 643 | CV47: 792 | CW47: 784 | CX47: 725 | CY47: 755 | CZ47: 721 | DA47: 667 | DB47: 691 | DC47: 502 | DD47: 691 | DE47: 781 | DF47: 747 | DG47: 696 | DH47: 647 | DI47: 619 | DJ47: 688 | DK47: 579 | DL47: 491 | DM47: 429 | DN47: 488 | DO47: 524 | DP47: 418 | DQ47: 439 | DR47: 665 | DS47: 621 | DT47: 509 | DU47: 529 | DV47: 554 | DW47: 456 | DX47: 768 | DY47: 437 | DZ47: 506 | EA47: 371 | EB47: 372 | EC47: 381 | ED47: 367 | EE47: 397 | EF47: 818 | EG47: 532 | EH47: 534 | EI47: 437 | EJ47: 392 | EK47: 514 | EL47: 533 | EM47: 557 | EN47: 599 | EO47: 560 | EP47: 548 | EQ47: 480 | ER47: 693 | ES47: 864 | ET47: 706 | EU47: 565 | EV47: 565 | EW47: 518 | EX47: 562 | EY47: 530 | EZ47: 510 | FA47: 642 | FB47: 637 | FC47: 692 | FD47: 560 | FE47: 633 | FF47: 663 | FG47: 639 | FH47: 656 | FI47: 649 | FJ47: 539 | FK47: 718 | FL47: 757 | FM47: 686 | FN47: 721 | FO47: 706 | FP47: 724 | FQ47: 714 | FR47: 496 | FS47: 650 | FT47: 689 | FU47: 620 | FV47: 699 | FW47: 710 | FX47: 632 | FY47: 598 | FZ47: 649 | GA47: 661 | GB47: 639 | GC47: 639 | GD47: 657 | GE47: 625 | GF47: 685 | GG47: 653 | GH47: 677 | GI47: 663 | GJ47: 709 | GK47: 683 | GL47: 739 | GM47: 715 | GN47: 665 | GO47: 669 | GP47: 725 | GQ47: 716 | GR47: 697 | GS47: 714 | GT47: 748 | GU47: 720 | GV47: 709 | GW47: 701 | GX47: 715 | GY47: 727 | GZ47: 699 | HA47: 638 | HB47: 678 | HC47: 631 | HD47: 669 | HE47: 692 | HF47: 602 | HG47: 566 | HH47: 749 | HI47: 613 | HJ47: 639 | HK47: 610 | HL47: 531 | HM47: 605 | HN47: 643 | HO47: 585 | HP47: 592 | HQ47: 639 | HR47: 620 | HS47: 491 | HT47: 715 | HU47: 618 | HV47: 602 | HW47: 587 | HX47: 594 | HY47: 550 | HZ47: 561 | IA47: 544 | IB47: 759 | IC47: 661 | ID47: 592 | IE47: 622 | IF47: 576 | IG47: 653 | IH47: 520 | II47: 511 | IJ47: 550 | IK47: 538 | IL47: 583 | IM47: 557 | IN47: 606 | IO47: 490 | IP47: 595 | IQ47: 587 | IR47: 546 | IS47: 658 | IT47: 534 | IU47: 605 | IV47: 735 | IW47: 703 | IX47: 645 | IY47: 626 | IZ47: 482 | JA47: 617 | JB47: 519 | JC47: 512 | JD47: 475 | JE47: 447 | JF47: 439 | JG47: 466 | JH47: 461 | JI47: 549 | JJ47: 603 | JK47: 511 | JL47: 466 | JM47: 436 | JN47: 442 | JO47: 367 | JP47: 449 | JQ47: 515 | JR47: 392 | JS47: 277 | JT47: 327 | JU47: 356 | JV47: 374 | JW47: 523 | JX47: 356 | JY47: 395 | JZ47: 306 | KA47: =KA4 -> 24477 | KB47: 424 | KC47: 432 | KD47: 397 | KE47: 392 | KF47: 373 | KG47: 275 | KH47: 328 | KI47: 320 | KJ47: 283 | KK47: 518 | KL47: 713 | KM47: 736 | KN47: 555 | KO47: 629 | KP47: 511 | KQ47: 611 | KR47: 469 | KS47: 430 | KT47: 340 | KU47: 339 | KV47: 245 | KW47: 281 | KX47: 298 | KY47: 362 | KZ47: 355 | LH47: 491 | LI47: 609 | LJ47: 462 | LK47: 462 | LL47: 421 | LM47: 570 | LN47: 656 | LO47: 465 | LP47: 400 | LQ47: 411 | LR47: 566 | LS47: 480 | LT47: 674 | LU47: 760 | LV47: 598 | LW47: 589 | LX47: 473 | LY47: 475 | LZ47: 442 | MA47: 619 | MB47: 625 | MC47: 473 | MD47: 364 | ME47: 330 | MF47: 312 | MG47: 396 | MH47: 488 | MI47: 795 | MJ47: 486 | MK47: 460 | ML47: 423 | MM47: 376 | MN47: 427 | MO47: 487 | MP47: 441 | MQ47: 365 | MR47: 322 | MS47: 368 | MT47: 308 | MU47: 290 | MV47: 432 | MW47: 525 | MX47: 330 | MY47: 2525 | MZ47: 409 | NA47: 381 | NB47: 497 | NC47: 654 | ND47: 514 | NE47: 404 | NF47: 395 | NG47: 336
B48: 1 to 2 | C48: =MIN(F48:LI48) -> 135 | D48: =MAX(F48:LI48) -> 10364 | E48: =IFERROR(INT(AVERAGE(F48:LI48)),"0") -> 415 | F48: 383 | G48: 385 | H48: 382 | I48: 419 | J48: 425 | K48: 584 | L48: 519 | M48: 503 | N48: 482 | O48: 539 | P48: 499 | Q48: 544 | R48: 555 | S48: 600 | T48: 544 | U48: 596 | V48: 671 | W48: 575 | X48: 682 | Y48: 645 | Z48: 494 | AA48: 462 | AB48: 402 | AC48: 470 | AD48: 412 | AE48: 477 | AF48: 577 | AG48: 424 | AH48: 375 | AI48: 165 | AJ48: 140 | AK48: 171 | AL48: 263 | AM48: 217 | AN48: 168 | AO48: 166 | AP48: 180 | AQ48: 184 | AR48: 152 | AS48: 190 | AT48: 213 | AU48: 180 | AV48: 159 | AW48: 175 | AX48: 154 | AY48: 208 | AZ48: 208 | BA48: 304 | BB48: 288 | BC48: 185 | BD48: 146 | BE48: 143 | BF48: 164 | BG48: 196 | BH48: 211 | BI48: 242 | BJ48: 164 | BK48: 183 | BL48: 237 | BM48: 150 | BN48: 223 | BO48: 210 | BP48: 215 | BQ48: 164 | BR48: 149 | BS48: 135 | BT48: 152 | BU48: 219 | BV48: 211 | BW48: 139 | BX48: 249 | BY48: 315 | BZ48: 503 | CA48: 476 | CB48: 520 | CC48: 548 | CD48: 468 | CE48: 513 | CF48: 547 | CG48: 492 | CH48: 575 | CI48: 580 | CJ48: 584 | CK48: 577 | CL48: 582 | CN48: 599 | CO48: 741 | CP48: 609 | CQ48: 718 | CR48: 626 | CS48: 537 | CT48: 666 | CU48: 626 | CV48: 618 | CW48: 639 | CX48: 541 | CY48: 644 | CZ48: 657 | DA48: 516 | DB48: 673 | DC48: 331 | DD48: 573 | DE48: 564 | DF48: 535 | DG48: 476 | DH48: 386 | DI48: 415 | DJ48: 349 | DK48: 359 | DL48: 373 | DM48: 341 | DN48: 302 | DO48: 314 | DP48: 261 | DQ48: 232 | DR48: 446 | DS48: 391 | DT48: 312 | DU48: 276 | DV48: 299 | DW48: 357 | DX48: 384 | DY48: 363 | DZ48: 274 | EA48: 204 | EB48: 238 | EC48: 213 | ED48: 246 | EE48: 209 | EF48: 800 | EG48: 256 | EH48: 252 | EI48: 216 | EJ48: 244 | EK48: 295 | EL48: 265 | EM48: 371 | EN48: 352 | EO48: 354 | EP48: 374 | EQ48: 298 | ER48: 328 | ES48: 441 | ET48: 813 | EU48: 342 | EV48: 293 | EW48: 310 | EX48: 354 | EY48: 333 | EZ48: 301 | FA48: 341 | FB48: 396 | FC48: 423 | FD48: 373 | FE48: 330 | FF48: 400 | FG48: 350 | FH48: 454 | FI48: 375 | FJ48: 355 | FK48: 683 | FL48: 566 | FM48: 544 | FN48: 567 | FO48: 522 | FP48: 559 | FQ48: 578 | FR48: 284 | FS48: 556 | FT48: 462 | FU48: 476 | FV48: 472 | FW48: 428 | FX48: 408 | FY48: 378 | FZ48: 459 | GA48: 470 | GB48: 448 | GC48: 410 | GD48: 432 | GE48: 473 | GF48: 422 | GG48: 533 | GH48: 451 | GI48: 500 | GJ48: 549 | GK48: 540 | GL48: 543 | GM48: 450 | GN48: 511 | GO48: 416 | GP48: 427 | GQ48: 558 | GR48: 514 | GS48: 520 | GT48: 562 | GU48: 498 | GV48: 468 | GW48: 503 | GX48: 554 | GY48: 590 | GZ48: 572 | HA48: 510 | HB48: 438 | HC48: 429 | HD48: 390 | HE48: 502 | HF48: 396 | HG48: 358 | HH48: 526 | HI48: 417 | HJ48: 502 | HK48: 390 | HL48: 423 | HM48: 454 | HN48: 371 | HO48: 348 | HP48: 436 | HQ48: 345 | HR48: 372 | HS48: 426 | HT48: 408 | HU48: 387 | HV48: 394 | HW48: 370 | HX48: 350 | HY48: 378 | HZ48: 425 | IA48: 380 | IB48: 721 | IC48: 450 | ID48: 392 | IE48: 441 | IF48: 353 | IG48: 518 | IH48: 363 | II48: 367 | IJ48: 335 | IK48: 327 | IL48: 384 | IM48: 316 | IN48: 395 | IO48: 367 | IP48: 403 | IQ48: 352 | IR48: 322 | IS48: 423 | IT48: 528 | IU48: 447 | IV48: 460 | IW48: 438 | IX48: 401 | IY48: 401 | IZ48: 385 | JA48: 373 | JB48: 457 | JC48: 348 | JD48: 321 | JE48: 247 | JF48: 304 | JG48: 305 | JH48: 325 | JI48: 374 | JJ48: 397 | JK48: 303 | JL48: 241 | JM48: 506 | JN48: 236 | JO48: 242 | JP48: 306 | JQ48: 328 | JR48: 211 | JS48: 173 | JT48: 222 | JU48: 218 | JV48: 411 | JW48: 238 | JX48: 244 | JY48: 238 | JZ48: 195 | KA48: =KA5 -> 10364 | KB48: 241 | KC48: 203 | KD48: 247 | KE48: 273 | KF48: 244 | KG48: 173 | KH48: 189 | KI48: 185 | KJ48: 189 | KK48: 260 | KL48: 390 | KM48: 339 | KN48: 268 | KO48: 345 | KP48: 282 | KQ48: 390 | KR48: 285 | KS48: 285 | KT48: 177 | KU48: 168 | KV48: 211 | KW48: 181 | KX48: 200 | KY48: 231 | KZ48: 220 | LH48: 245 | LI48: 303 | LJ48: 234 | LK48: 200 | LL48: 270 | LM48: 331 | LN48: 324 | LO48: 224 | LP48: 224 | LQ48: 182 | LR48: 217 | LS48: 244 | LT48: 324 | LU48: 452 | LV48: 311 | LW48: 304 | LX48: 272 | LY48: 232 | LZ48: 303 | MA48: 363 | MB48: 326 | MC48: 214 | MD48: 165 | ME48: 225 | MF48: 185 | MG48: 205 | MH48: 290 | MI48: 411 | MJ48: 233 | MK48: 198 | ML48: 193 | MM48: 171 | MN48: 231 | MO48: 274 | MP48: 200 | MQ48: 161 | MR48: 159 | MS48: 171 | MT48: 139 | MU48: 173 | MV48: 302 | MW48: 279 | MX48: 149 | MY48: 1301 | MZ48: 183 | NA48: 235 | NB48: 210 | NC48: 489 | ND48: 329 | NE48: 233 | NF48: 240 | NG48: 180
B49: 2 to 3 | C49: =MIN(F49:LI49) -> 52 | D49: =MAX(F49:LI49) -> 8829 | E49: =IFERROR(INT(AVERAGE(F49:LI49)),"0") -> 265 | F49: 198 | G49: 266 | H49: 204 | I49: 264 | J49: 377 | K49: 387 | L49: 334 | M49: 390 | N49: 374 | O49: 422 | P49: 392 | Q49: 391 | R49: 288 | S49: 404 | T49: 413 | U49: 484 | V49: 524 | W49: 422 | X49: 510 | Y49: 389 | Z49: 335 | AA49: 350 | AB49: 290 | AC49: 306 | AD49: 286 | AE49: 471 | AF49: 392 | AG49: 378 | AH49: 212 | AI49: 89 | AJ49: 75 | AK49: 71 | AL49: 127 | AM49: 118 | AN49: 121 | AO49: 112 | AP49: 117 | AQ49: 89 | AR49: 127 | AS49: 124 | AT49: 119 | AU49: 92 | AV49: 72 | AW49: 69 | AX49: 63 | AY49: 130 | AZ49: 130 | BA49: 178 | BB49: 132 | BC49: 145 | BD49: 52 | BE49: 104 | BF49: 82 | BG49: 90 | BH49: 129 | BI49: 120 | BJ49: 101 | BK49: 96 | BL49: 105 | BM49: 77 | BN49: 157 | BO49: 110 | BP49: 96 | BQ49: 67 | BR49: 65 | BS49: 59 | BT49: 73 | BU49: 144 | BV49: 85 | BW49: 61 | BX49: 171 | BY49: 171 | BZ49: 319 | CA49: 303 | CB49: 439 | CC49: 393 | CD49: 325 | CE49: 399 | CF49: 391 | CG49: 441 | CH49: 403 | CI49: 424 | CJ49: 407 | CK49: 467 | CL49: 488 | CN49: 480 | CO49: 546 | CP49: 473 | CQ49: 507 | CR49: 630 | CS49: 415 | CT49: 458 | CU49: 503 | CV49: 535 | CW49: 537 | CX49: 513 | CY49: 514 | CZ49: 587 | DA49: 507 | DB49: 657 | DC49: 191 | DD49: 387 | DE49: 357 | DF49: 294 | DG49: 185 | DH49: 221 | DI49: 212 | DJ49: 199 | DK49: 176 | DL49: 149 | DM49: 156 | DN49: 169 | DO49: 160 | DP49: 135 | DQ49: 116 | DR49: 209 | DS49: 175 | DT49: 198 | DU49: 136 | DV49: 130 | DW49: 166 | DX49: 120 | DY49: 175 | DZ49: 131 | EA49: 92 | EB49: 116 | EC49: 260 | ED49: 128 | EE49: 87 | EF49: 389 | EG49: 134 | EH49: 114 | EI49: 92 | EJ49: 80 | EK49: 124 | EL49: 146 | EM49: 184 | EN49: 162 | EO49: 129 | EP49: 240 | EQ49: 186 | ER49: 172 | ES49: 190 | ET49: 713 | EU49: 212 | EV49: 205 | EW49: 166 | EX49: 162 | EY49: 182 | EZ49: 227 | FA49: 206 | FB49: 207 | FC49: 187 | FD49: 180 | FE49: 159 | FF49: 204 | FG49: 275 | FH49: 285 | FI49: 223 | FJ49: 219 | FK49: 390 | FL49: 365 | FM49: 328 | FN49: 343 | FO49: 408 | FP49: 387 | FQ49: 451 | FR49: 157 | FS49: 325 | FT49: 254 | FU49: 261 | FV49: 228 | FW49: 227 | FX49: 227 | FY49: 180 | FZ49: 251 | GA49: 211 | GB49: 279 | GC49: 236 | GD49: 250 | GE49: 279 | GF49: 259 | GG49: 359 | GH49: 256 | GI49: 228 | GJ49: 278 | GK49: 267 | GL49: 243 | GM49: 240 | GN49: 317 | GO49: 235 | GP49: 222 | GQ49: 335 | GR49: 250 | GS49: 298 | GT49: 305 | GU49: 307 | GV49: 275 | GW49: 267 | GX49: 371 | GY49: 353 | GZ49: 353 | HA49: 240 | HB49: 256 | HC49: 248 | HD49: 240 | HE49: 280 | HF49: 216 | HG49: 229 | HH49: 204 | HI49: 198 | HJ49: 228 | HK49: 219 | HL49: 235 | HM49: 256 | HN49: 179 | HO49: 181 | HP49: 210 | HQ49: 252 | HR49: 234 | HS49: 242 | HT49: 255 | HU49: 212 | HV49: 204 | HW49: 223 | HX49: 266 | HY49: 199 | HZ49: 291 | IA49: 244 | IB49: 602 | IC49: 228 | ID49: 202 | IE49: 215 | IF49: 227 | IG49: 293 | IH49: 196 | II49: 174 | IJ49: 213 | IK49: 220 | IL49: 289 | IM49: 224 | IN49: 179 | IO49: 231 | IP49: 216 | IQ49: 222 | IR49: 201 | IS49: 235 | IT49: 338 | IU49: 674 | IV49: 292 | IW49: 276 | IX49: 250 | IY49: 192 | IZ49: 179 | JA49: 289 | JB49: 235 | JC49: 220 | JD49: 198 | JE49: 201 | JF49: 192 | JG49: 212 | JH49: 188 | JI49: 263 | JJ49: 231 | JK49: 192 | JL49: 160 | JM49: 261 | JN49: 178 | JO49: 184 | JP49: 182 | JQ49: 185 | JR49: 123 | JS49: 112 | JT49: 167 | JU49: 127 | JV49: 120 | JW49: 183 | JX49: 102 | JY49: 150 | JZ49: 108 | KA49: =KA6 -> 8829 | KB49: 146 | KC49: 119 | KD49: 150 | KE49: 170 | KF49: 119 | KG49: 95 | KH49: 100 | KI49: 108 | KJ49: 131 | KK49: 155 | KL49: 199 | KM49: 182 | KN49: 157 | KO49: 168 | KP49: 162 | KQ49: 197 | KR49: 156 | KS49: 118 | KT49: 148 | KU49: 112 | KV49: 86 | KW49: 106 | KX49: 127 | KY49: 106 | KZ49: 109 | LH49: 143 | LI49: 123 | LJ49: 100 | LK49: 101 | LL49: 130 | LM49: 142 | LN49: 137 | LO49: 134 | LP49: 102 | LQ49: 118 | LR49: 116 | LS49: 156 | LT49: 186 | LU49: 212 | LV49: 153 | LW49: 443 | LX49: 155 | LY49: 113 | LZ49: 188 | MA49: 189 | MB49: 167 | MC49: 106 | MD49: 103 | ME49: 97 | MF49: 123 | MG49: 82 | MH49: 139 | MI49: 187 | MJ49: 127 | MK49: 542 | ML49: 588 | MM49: 101 | MN49: 346 | MO49: 164 | MP49: 125 | MQ49: 65 | MR49: 83 | MS49: 114 | MT49: 58 | MU49: 111 | MV49: 129 | MW49: 121 | MX49: 67 | MY49: 559 | MZ49: 118 | NA49: 145 | NB49: 126 | NC49: 240 | ND49: 130 | NE49: 101 | NF49: 109 | NG49: 85
B50: 3 to 4 | C50: =MIN(F50:LI50) -> 26 | D50: =MAX(F50:LI50) -> 1516 | E50: =IFERROR(INT(AVERAGE(F50:LI50)),"0") -> 157 | F50: 92 | G50: 148 | H50: 112 | I50: 115 | J50: 230 | K50: 195 | L50: 163 | M50: 182 | N50: 170 | O50: 217 | P50: 193 | Q50: 267 | R50: 286 | S50: 275 | T50: 258 | U50: 272 | V50: 308 | W50: 276 | X50: 290 | Y50: 291 | Z50: 235 | AA50: 151 | AB50: 141 | AC50: 149 | AD50: 185 | AE50: 264 | AF50: 267 | AG50: 144 | AH50: 169 | AI50: 29 | AJ50: 44 | AK50: 51 | AL50: 82 | AM50: 70 | AN50: 44 | AO50: 68 | AP50: 52 | AQ50: 61 | AR50: 51 | AS50: 50 | AT50: 125 | AU50: 34 | AV50: 54 | AW50: 36 | AX50: 83 | AY50: 74 | AZ50: 74 | BA50: 82 | BB50: 94 | BC50: 101 | BD50: 36 | BE50: 54 | BF50: 54 | BG50: 63 | BH50: 49 | BI50: 54 | BJ50: 52 | BK50: 46 | BL50: 50 | BM50: 57 | BN50: 63 | BO50: 58 | BP50: 42 | BQ50: 26 | BR50: 50 | BS50: 40 | BT50: 35 | BU50: 100 | BV50: 60 | BW50: 38 | BX50: 161 | BY50: 294 | BZ50: 229 | CA50: 213 | CB50: 298 | CC50: 266 | CD50: 243 | CE50: 304 | CF50: 312 | CG50: 268 | CH50: 334 | CI50: 335 | CJ50: 327 | CK50: 282 | CL50: 366 | CN50: 365 | CO50: 324 | CP50: 373 | CQ50: 470 | CR50: 408 | CS50: 416 | CT50: 422 | CU50: 376 | CV50: 432 | CW50: 491 | CX50: 420 | CY50: 381 | CZ50: 450 | DA50: 488 | DB50: 504 | DC50: 107 | DD50: 278 | DE50: 209 | DF50: 162 | DG50: 133 | DH50: 143 | DI50: 144 | DJ50: 136 | DK50: 181 | DL50: 98 | DM50: 62 | DN50: 58 | DO50: 94 | DP50: 57 | DQ50: 97 | DR50: 105 | DS50: 85 | DT50: 116 | DU50: 108 | DV50: 106 | DW50: 92 | DX50: 90 | DY50: 101 | DZ50: 81 | EA50: 58 | EB50: 47 | EC50: 1001 | ED50: 84 | EE50: 60 | EF50: 279 | EG50: 69 | EH50: 51 | EI50: 55 | EJ50: 91 | EK50: 112 | EL50: 66 | EM50: 120 | EN50: 492 | EO50: 86 | EP50: 64 | EQ50: 107 | ER50: 92 | ES50: 226 | ET50: 528 | EU50: 102 | EV50: 99 | EW50: 117 | EX50: 129 | EY50: 132 | EZ50: 86 | FA50: 119 | FB50: 132 | FC50: 112 | FD50: 114 | FE50: 92 | FF50: 115 | FG50: 145 | FH50: 126 | FI50: 127 | FJ50: 171 | FK50: 233 | FL50: 159 | FM50: 140 | FN50: 227 | FO50: 215 | FP50: 266 | FQ50: 369 | FR50: 74 | FS50: 202 | FT50: 186 | FU50: 183 | FV50: 168 | FW50: 156 | FX50: 124 | FY50: 152 | FZ50: 145 | GA50: 131 | GB50: 124 | GC50: 167 | GD50: 151 | GE50: 137 | GF50: 162 | GG50: 147 | GH50: 161 | GI50: 148 | GJ50: 205 | GK50: 132 | GL50: 118 | GM50: 122 | GN50: 147 | GO50: 151 | GP50: 129 | GQ50: 197 | GR50: 115 | GS50: 149 | GT50: 183 | GU50: 201 | GV50: 139 | GW50: 125 | GX50: 177 | GY50: 172 | GZ50: 185 | HA50: 123 | HB50: 128 | HC50: 134 | HD50: 129 | HE50: 157 | HF50: 114 | HG50: 145 | HH50: 120 | HI50: 150 | HJ50: 136 | HK50: 122 | HL50: 157 | HM50: 112 | HN50: 91 | HO50: 167 | HP50: 132 | HQ50: 124 | HR50: 108 | HS50: 124 | HT50: 132 | HU50: 111 | HV50: 134 | HW50: 146 | HX50: 176 | HY50: 100 | HZ50: 155 | IA50: 147 | IB50: 297 | IC50: 89 | ID50: 107 | IE50: 165 | IF50: 135 | IG50: 174 | IH50: 137 | II50: 100 | IJ50: 136 | IK50: 125 | IL50: 141 | IM50: 154 | IN50: 165 | IO50: 89 | IP50: 129 | IQ50: 142 | IR50: 93 | IS50: 160 | IT50: 141 | IU50: 196 | IV50: 162 | IW50: 161 | IX50: 155 | IY50: 146 | IZ50: 168 | JA50: 174 | JB50: 119 | JC50: 132 | JD50: 160 | JE50: 129 | JF50: 133 | JG50: 140 | JH50: 120 | JI50: 155 | JJ50: 172 | JK50: 144 | JL50: 112 | JM50: 104 | JN50: 115 | JO50: 98 | JP50: 121 | JQ50: 91 | JR50: 80 | JS50: 66 | JT50: 75 | JU50: 120 | JV50: 100 | JW50: 161 | JX50: 88 | JY50: 82 | JZ50: 89 | KA50: =KA7 -> 1516 | KB50: 101 | KC50: 94 | KD50: 133 | KE50: 122 | KF50: 122 | KG50: 81 | KH50: 65 | KI50: 62 | KJ50: 56 | KK50: 97 | KL50: 111 | KM50: 99 | KN50: 79 | KO50: 58 | KP50: 74 | KQ50: 101 | KR50: 80 | KS50: 58 | KT50: 67 | KU50: 68 | KV50: 59 | KW50: 43 | KX50: 77 | KY50: 58 | KZ50: 86 | LH50: 95 | LI50: 68 | LJ50: 55 | LK50: 64 | LL50: 88 | LM50: 121 | LN50: 71 | LO50: 52 | LP50: 49 | LQ50: 55 | LR50: 47 | LS50: 61 | LT50: 123 | LU50: 114 | LV50: 83 | LW50: 69 | LX50: 70 | LY50: 78 | LZ50: 117 | MA50: 78 | MB50: 73 | MC50: 48 | MD50: 70 | ME50: 70 | MF50: 53 | MG50: 49 | MH50: 109 | MI50: 86 | MJ50: 99 | MK50: 80 | ML50: 86 | MM50: 59 | MN50: 43 | MO50: 119 | MP50: 79 | MQ50: 37 | MR50: 44 | MS50: 48 | MT50: 39 | MU50: 69 | MV50: 83 | MW50: 52 | MX50: 48 | MY50: 256 | MZ50: 47 | NA50: 58 | NB50: 66 | NC50: 174 | ND50: 83 | NE50: 95 | NF50: 61 | NG50: 75
B51: 4 to 5 | C51: =MIN(F51:LI51) -> 11 | D51: =MAX(F51:LI51) -> 45573 | E51: =IFERROR(INT(AVERAGE(F51:LI51)),"0") -> 241 | F51: 57 | G51: 63 | H51: 53 | I51: 79 | J51: 110 | K51: 112 | L51: 100 | M51: 84 | N51: 142 | O51: 99 | P51: 121 | Q51: 128 | R51: 136 | S51: 153 | T51: 132 | U51: 245 | V51: 177 | W51: 163 | X51: 176 | Y51: 162 | Z51: 116 | AA51: 72 | AB51: 99 | AC51: 74 | AD51: 88 | AE51: 122 | AF51: 100 | AG51: 106 | AH51: 48 | AI51: 19 | AJ51: 21 | AK51: 20 | AL51: 56 | AM51: 51 | AN51: 30 | AO51: 33 | AP51: 45 | AQ51: 43 | AR51: 33 | AS51: 21 | AT51: 26 | AU51: 16 | AV51: 28 | AW51: 28 | AX51: 51 | AY51: 24 | AZ51: 24 | BA51: 49 | BB51: 39 | BC51: 18 | BD51: 15 | BE51: 23 | BF51: 21 | BG51: 32 | BH51: 37 | BI51: 24 | BJ51: 34 | BK51: 33 | BL51: 24 | BM51: 21 | BN51: 53 | BO51: 28 | BP51: 29 | BQ51: 21 | BR51: 105 | BS51: 11 | BT51: 26 | BU51: 21 | BV51: 31 | BW51: 23 | BX51: 408 | BY51: 219 | BZ51: 190 | CA51: 174 | CB51: 233 | CC51: 200 | CD51: 212 | CE51: 216 | CF51: 259 | CG51: 219 | CH51: 289 | CI51: 322 | CJ51: 291 | CK51: 293 | CL51: 271 | CN51: 348 | CO51: 375 | CP51: 437 | CQ51: 416 | CR51: 381 | CS51: 402 | CT51: 330 | CU51: 433 | CV51: 399 | CW51: 543 | CX51: 466 | CY51: 458 | CZ51: 354 | DA51: 474 | DB51: 395 | DC51: 84 | DD51: 126 | DE51: 105 | DF51: 70 | DG51: 132 | DH51: 81 | DI51: 66 | DJ51: 51 | DK51: 85 | DL51: 50 | DM51: 20 | DN51: 28 | DO51: 52 | DP51: 28 | DQ51: 33 | DR51: 49 | DS51: 72 | DT51: 46 | DU51: 38 | DV51: 29 | DW51: 36 | DX51: 54 | DY51: 83 | DZ51: 37 | EA51: 19 | EB51: 30 | EC51: 319 | ED51: 24 | EE51: 28 | EF51: 146 | EG51: 35 | EH51: 28 | EI51: 43 | EJ51: 35 | EK51: 28 | EL51: 44 | EM51: 48 | EN51: 73 | EO51: 33 | EP51: 28 | EQ51: 44 | ER51: 27 | ES51: 33 | ET51: 280 | EU51: 56 | EV51: 26 | EW51: 31 | EX51: 33 | EY51: 93 | EZ51: 64 | FA51: 59 | FB51: 40 | FC51: 56 | FD51: 48 | FE51: 52 | FF51: 74 | FG51: 67 | FH51: 85 | FI51: 52 | FJ51: 107 | FK51: 154 | FL51: 110 | FM51: 82 | FN51: 109 | FO51: 121 | FP51: 128 | FQ51: 165 | FR51: 43 | FS51: 120 | FT51: 76 | FU51: 80 | FV51: 85 | FW51: 54 | FX51: 83 | FY51: 75 | FZ51: 72 | GA51: 78 | GB51: 65 | GC51: 75 | GD51: 76 | GE51: 54 | GF51: 88 | GG51: 66 | GH51: 92 | GI51: 62 | GJ51: 109 | GK51: 55 | GL51: 81 | GM51: 54 | GN51: 72 | GO51: 67 | GP51: 81 | GQ51: 107 | GR51: 75 | GS51: 88 | GT51: 76 | GU51: 65 | GV51: 69 | GW51: 100 | GX51: 91 | GY51: 97 | GZ51: 88 | HA51: 83 | HB51: 77 | HC51: 64 | HD51: 91 | HE51: 119 | HF51: 82 | HG51: 43 | HH51: 75 | HI51: 86 | HJ51: 87 | HK51: 108 | HL51: 130 | HM51: 92 | HN51: 76 | HO51: 62 | HP51: 56 | HQ51: 72 | HR51: 70 | HS51: 55 | HT51: 91 | HU51: 45 | HV51: 91 | HW51: 61 | HX51: 82 | HY51: 76 | HZ51: 82 | IA51: 76 | IB51: 95 | IC51: 96 | ID51: 85 | IE51: 62 | IF51: 66 | IG51: 88 | IH51: 66 | II51: 52 | IJ51: 54 | IK51: 93 | IL51: 61 | IM51: 60 | IN51: 66 | IO51: 47 | IP51: 38 | IQ51: 86 | IR51: 109 | IS51: 95 | IT51: 58 | IU51: 95 | IV51: 82 | IW51: 110 | IX51: 87 | IY51: 65 | IZ51: 83 | JA51: 77 | JB51: 86 | JC51: 57 | JD51: 45 | JE51: 74 | JF51: 101 | JG51: 48 | JH51: 64 | JI51: 101 | JJ51: 84 | JK51: 38 | JL51: 42 | JM51: 54 | JN51: 46 | JO51: 49 | JP51: 74 | JQ51: 42 | JR51: 46 | JS51: 33 | JT51: 54 | JU51: 74 | JV51: 44 | JW51: 40 | JX51: 54 | JY51: 53 | JZ51: 29 | KA51: =KA8 -> 45573 | KB51: 48 | KC51: 55 | KD51: 155 | KE51: 47 | KF51: 54 | KG51: 46 | KH51: 42 | KI51: 35 | KJ51: 39 | KK51: 52 | KL51: 42 | KM51: 45 | KN51: 25 | KO51: 41 | KP51: 29 | KQ51: 74 | KR51: 54 | KS51: 54 | KT51: 39 | KU51: 51 | KV51: 42 | KW51: 33 | KX51: 36 | KY51: 44 | KZ51: 29 | LH51: 41 | LI51: 38 | LJ51: 22 | LK51: 19 | LL51: 46 | LM51: 36 | LN51: 23 | LO51: 23 | LP51: 29 | LQ51: 48 | LR51: 34 | LS51: 40 | LT51: 65 | LU51: 75 | LV51: 50 | LW51: 23 | LX51: 46 | LY51: 36 | LZ51: 36 | MA51: 44 | MB51: 36 | MC51: 42 | MD51: 36 | ME51: 49 | MF51: 28 | MG51: 44 | MH51: 43 | MI51: 37 | MJ51: 64 | MK51: 30 | ML51: 35 | MM51: 28 | MN51: 28 | MO51: 25 | MP51: 44 | MQ51: 40 | MR51: 37 | MS51: 20 | MT51: 23 | MU51: 28 | MV51: 23 | MW51: 35 | MX51: 23 | MY51: 105 | MZ51: 30 | NA51: 33 | NB51: 40 | NC51: 68 | ND51: 45 | NE51: 51 | NF51: 29 | NG51: 30
B52: 5 to 6 | C52: =MIN(F52:LI52) -> 0.85189116 | D52: =MAX(F52:LI52) -> 398 | E52: =IFERROR(INT(AVERAGE(F52:LI52)),"0") -> 62 | F52: 47 | G52: 27 | H52: 35 | I52: 26 | J52: 51 | K52: 57 | L52: 31 | M52: 40 | N52: 54 | O52: 64 | P52: 79 | Q52: 127 | R52: 93 | S52: 89 | T52: 117 | U52: 101 | V52: 137 | W52: 99 | X52: 91 | Y52: 114 | Z52: 73 | AA52: 63 | AB52: 38 | AC52: 45 | AD52: 67 | AE52: 60 | AF52: 70 | AG52: 55 | AH52: 46 | AI52: 22 | AJ52: 10 | AK52: 11 | AL52: 22 | AM52: 21 | AN52: 18 | AO52: 24 | AP52: 30 | AQ52: 15 | AR52: 21 | AS52: 24 | AT52: 43 | AU52: 20 | AV52: 25 | AW52: 13 | AX52: 27 | AY52: 24 | AZ52: 24 | BA52: 30 | BB52: 34 | BC52: 16 | BD52: 17 | BE52: 10 | BF52: 10 | BG52: 16 | BH52: 35 | BI52: 17 | BJ52: 10 | BK52: 20 | BL52: 19 | BM52: 17 | BN52: 19 | BO52: 22 | BP52: 24 | BQ52: 14 | BR52: 18 | BS52: 13 | BT52: 12 | BU52: 17 | BV52: 13 | BW52: 19 | BX52: 54 | BY52: 107 | BZ52: 125 | CA52: 123 | CB52: 146 | CC52: 98 | CD52: 107 | CE52: 148 | CF52: 150 | CG52: 165 | CH52: 176 | CI52: 326 | CJ52: 398 | CK52: 198 | CL52: 162 | CN52: 211 | CO52: 232 | CP52: 276 | CQ52: 284 | CR52: 254 | CS52: 272 | CT52: 242 | CU52: 235 | CV52: 273 | CW52: 354 | CX52: 323 | CY52: 268 | CZ52: 321 | DA52: 307 | DB52: 326 | DC52: 83 | DD52: 111 | DE52: 69 | DF52: 69 | DG52: 53 | DH52: 64 | DI52: 53 | DJ52: 37 | DK52: 46 | DL52: 30 | DM52: 16 | DN52: 17 | DO52: 38 | DP52: 21 | DQ52: 25 | DR52: 47 | DS52: 37 | DT52: 35 | DU52: 27 | DV52: 37 | DW52: 45 | DX52: 36 | DY52: 30 | DZ52: 42 | EA52: 41 | EB52: 20 | EC52: 24 | ED52: 26 | EE52: 20 | EF52: 72 | EG52: 47 | EH52: 35 | EI52: 10 | EJ52: 28 | EK52: 20 | EL52: 54 | EM52: 24 | EN52: 44 | EO52: 39 | EP52: 36 | EQ52: 29 | ER52: 20 | ES52: 33 | ET52: 138 | EU52: 46 | EV52: 39 | EW52: 23 | EX52: 32 | EY52: 37 | EZ52: 40 | FA52: 42 | FB52: 39 | FC52: 64 | FD52: 34 | FE52: 50 | FF52: 40 | FG52: 76 | FH52: 114 | FI52: 43 | FJ52: 90 | FK52: 86 | FL52: 62 | FM52: 52 | FN52: 64 | FO52: 59 | FP52: 96 | FQ52: 115 | FR52: 54 | FS52: 92 | FT52: 52 | FU52: 58 | FV52: 45 | FW52: 47 | FX52: 77 | FY52: 72 | FZ52: 51 | GA52: 55 | GB52: 46 | GC52: 54 | GD52: 41 | GE52: 42 | GF52: 45 | GG52: 51 | GH52: 63 | GI52: 54 | GJ52: 74 | GK52: 44 | GL52: 63 | GM52: 72 | GN52: 53 | GO52: 52 | GP52: 59 | GQ52: 75 | GR52: 45 | GS52: 61 | GT52: 49 | GU52: 36 | GV52: 31 | GW52: 52 | GX52: 70 | GY52: 72 | GZ52: 73 | HA52: 63 | HB52: 52 | HC52: 70 | HD52: 88 | HE52: 66 | HF52: 34 | HG52: 51 | HH52: 53 | HI52: 45 | HJ52: 21 | HK52: 43 | HL52: 56 | HM52: 53 | HN52: 62 | HO52: 55 | HP52: 32 | HQ52: 43 | HR52: 46 | HS52: 35 | HT52: 52 | HU52: 56 | HV52: 45 | HW52: 29 | HX52: 43 | HY52: 67 | HZ52: 75 | IA52: 41 | IB52: 60 | IC52: 60 | ID52: 55 | IE52: 42 | IF52: 40 | IG52: 57 | IH52: 32 | II52: 57 | IJ52: 57 | IK52: 37 | IL52: 62 | IM52: 44 | IN52: 44 | IO52: 42 | IP52: 63 | IQ52: 35 | IR52: 48 | IS52: 66 | IT52: 57 | IU52: 71 | IV52: 43 | IW52: 107 | IX52: 54 | IY52: 64 | IZ52: 41 | JA52: 56 | JB52: 56 | JC52: 43 | JD52: 38 | JE52: 60 | JF52: 25 | JG52: 42 | JH52: 56 | JI52: 49 | JJ52: 58 | JK52: 46 | JL52: 40 | JM52: 50 | JN52: 33 | JO52: 31 | JP52: 57 | JQ52: 40 | JR52: 20 | JS52: 23 | JT52: 34 | JU52: 21 | JV52: 33 | JW52: 39 | JX52: 42 | JY52: 39 | JZ52: 44 | KA52: =KA9 -> 0.85189116 | KB52: 36 | KC52: 47 | KD52: 93 | KE52: 31 | KF52: 33 | KG52: 22 | KH52: 21 | KI52: 16 | KJ52: 24 | KK52: 32 | KL52: 28 | KM52: 24 | KN52: 29 | KO52: 31 | KP52: 26 | KQ52: 24 | KR52: 23 | KS52: 33 | KT52: 27 | KU52: 20 | KV52: 18 | KW52: 19 | KX52: 23 | KY52: 26 | KZ52: 14 | LH52: 28 | LI52: 33 | LJ52: 33 | LK52: 29 | LL52: 22 | LM52: 23 | LN52: 31 | LO52: 22 | LP52: 17 | LQ52: 32 | LR52: 32 | LS52: 34 | LT52: 22 | LU52: 59 | LV52: 33 | LW52: 43 | LX52: 39 | LY52: 36 | LZ52: 14 | MA52: 28 | MB52: 23 | MC52: 23 | MD52: 40 | ME52: 21 | MF52: 18 | MG52: 26 | MH52: 35 | MI52: 44 | MJ52: 21 | MK52: 17 | ML52: 34 | MM52: 21 | MN52: 26 | MO52: 35 | MP52: 26 | MQ52: 34 | MR52: 35 | MS52: 25 | MT52: 16 | MU52: 34 | MV52: 22 | MW52: 24 | MX52: 26 | MY52: 76 | MZ52: 45 | NA52: 21 | NB52: 30 | NC52: 54 | ND52: 19 | NE52: 27 | NF52: 35 | NG52: 39
B53: 6 to 7 | C53: =MIN(F53:LI53) -> 9 | D53: =MAX(F53:LI53) -> 7637 | E53: =IFERROR(INT(AVERAGE(F53:LI53)),"0") -> 71 | F53: 12 | G53: 29 | H53: 33 | I53: 15 | J53: 29 | K53: 17 | L53: 17 | M53: 29 | N53: 24 | O53: 37 | P53: 50 | Q53: 35 | R53: 52 | S53: 51 | T53: 36 | U53: 61 | V53: 46 | W53: 57 | X53: 42 | Y53: 56 | Z53: 36 | AA53: 28 | AB53: 19 | AC53: 27 | AD53: 47 | AE53: 45 | AF53: 28 | AG53: 18 | AH53: 24 | AI53: 25 | AJ53: 17 | AK53: 12 | AL53: 34 | AM53: 19 | AN53: 27 | AO53: 21 | AP53: 18 | AQ53: 13 | AR53: 37 | AS53: 21 | AT53: 18 | AU53: 14 | AV53: 11 | AW53: 10 | AX53: 15 | AY53: 23 | AZ53: 23 | BA53: 19 | BB53: 23 | BC53: 20 | BD53: 24 | BE53: 29 | BF53: 16 | BG53: 18 | BH53: 25 | BI53: 21 | BJ53: 25 | BK53: 18 | BL53: 34 | BM53: 15 | BN53: 26 | BO53: 15 | BP53: 16 | BQ53: 14 | BR53: 13 | BS53: 17 | BT53: 11 | BU53: 9 | BV53: 14 | BW53: 12 | BX53: 27 | BY53: 61 | BZ53: 66 | CA53: 78 | CB53: 70 | CC53: 56 | CD53: 84 | CE53: 79 | CF53: 100 | CG53: 100 | CH53: 95 | CI53: 141 | CJ53: 117 | CK53: 102 | CL53: 150 | CN53: 147 | CO53: 122 | CP53: 149 | CQ53: 170 | CR53: 140 | CS53: 177 | CT53: 177 | CU53: 195 | CV53: 183 | CW53: 205 | CX53: 188 | CY53: 218 | CZ53: 210 | DA53: 216 | DB53: 152 | DC53: 65 | DD53: 64 | DE53: 84 | DF53: 47 | DG53: 59 | DH53: 34 | DI53: 35 | DJ53: 45 | DK53: 35 | DL53: 45 | DM53: 18 | DN53: 27 | DO53: 43 | DP53: 29 | DQ53: 24 | DR53: 55 | DS53: 54 | DT53: 46 | DU53: 32 | DV53: 26 | DW53: 30 | DX53: 40 | DY53: 23 | DZ53: 48 | EA53: 26 | EB53: 28 | EC53: 45 | ED53: 23 | EE53: 31 | EF53: 66 | EG53: 47 | EH53: 31 | EI53: 32 | EJ53: 34 | EK53: 33 | EL53: 41 | EM53: 22 | EN53: 16 | EO53: 24 | EP53: 42 | EQ53: 32 | ER53: 41 | ES53: 48 | ET53: 65 | EU53: 23 | EV53: 31 | EW53: 22 | EX53: 62 | EY53: 27 | EZ53: 51 | FA53: 30 | FB53: 46 | FC53: 51 | FD53: 26 | FE53: 37 | FF53: 42 | FG53: 45 | FH53: 51 | FI53: 37 | FJ53: 41 | FK53: 55 | FL53: 46 | FM53: 57 | FN53: 56 | FO53: 46 | FP53: 71 | FQ53: 79 | FR53: 48 | FS53: 81 | FT53: 72 | FU53: 62 | FV53: 45 | FW53: 38 | FX53: 30 | FY53: 69 | FZ53: 40 | GA53: 42 | GB53: 50 | GC53: 42 | GD53: 52 | GE53: 49 | GF53: 57 | GG53: 72 | GH53: 42 | GI53: 57 | GJ53: 45 | GK53: 40 | GL53: 60 | GM53: 41 | GN53: 45 | GO53: 36 | GP53: 50 | GQ53: 61 | GR53: 47 | GS53: 58 | GT53: 35 | GU53: 75 | GV53: 100 | GW53: 36 | GX53: 48 | GY53: 60 | GZ53: 42 | HA53: 70 | HB53: 61 | HC53: 60 | HD53: 63 | HE53: 51 | HF53: 55 | HG53: 40 | HH53: 42 | HI53: 26 | HJ53: 37 | HK53: 54 | HL53: 65 | HM53: 43 | HN53: 46 | HO53: 34 | HP53: 34 | HQ53: 51 | HR53: 30 | HS53: 33 | HT53: 41 | HU53: 31 | HV53: 38 | HW53: 49 | HX53: 28 | HY53: 37 | HZ53: 44 | IA53: 38 | IB53: 44 | IC53: 25 | ID53: 40 | IE53: 35 | IF53: 44 | IG53: 42 | IH53: 54 | II53: 61 | IJ53: 39 | IK53: 40 | IL53: 40 | IM53: 44 | IN53: 46 | IO53: 85 | IP53: 32 | IQ53: 31 | IR53: 43 | IS53: 28 | IT53: 35 | IU53: 51 | IV53: 60 | IW53: 54 | IX53: 17 | IY53: 63 | IZ53: 46 | JA53: 48 | JB53: 45 | JC53: 45 | JD53: 63 | JE53: 17 | JF53: 36 | JG53: 28 | JH53: 50 | JI53: 35 | JJ53: 43 | JK53: 33 | JL53: 28 | JM53: 28 | JN53: 47 | JO53: 29 | JP53: 25 | JQ53: 32 | JR53: 31 | JS53: 24 | JT53: 24 | JU53: 36 | JV53: 37 | JW53: 23 | JX53: 11 | JY53: 31 | JZ53: 31 | KA53: =KA10 -> 7637 | KB53: 36 | KC53: 29 | KD53: 47 | KE53: 20 | KF53: 39 | KG53: 33 | KH53: 25 | KI53: 26 | KJ53: 26 | KK53: 35 | KL53: 64 | KM53: 46 | KN53: 31 | KO53: 54 | KP53: 31 | KQ53: 40 | KR53: 34 | KS53: 20 | KT53: 27 | KU53: 15 | KV53: 26 | KW53: 29 | KX53: 23 | KY53: 20 | KZ53: 16 | LH53: 22 | LI53: 29 | LJ53: 57 | LK53: 26 | LL53: 39 | LM53: 22 | LN53: 25 | LO53: 18 | LP53: 25 | LQ53: 21 | LR53: 34 | LS53: 61 | LT53: 34 | LU53: 47 | LV53: 37 | LW53: 39 | LX53: 24 | LY53: 41 | LZ53: 28 | MA53: 23 | MB53: 22 | MC53: 23 | MD53: 19 | ME53: 22 | MF53: 12 | MG53: 25 | MH53: 20 | MI53: 21 | MJ53: 19 | MK53: 24 | ML53: 17 | MM53: 23 | MN53: 21 | MO53: 31 | MP53: 27 | MQ53: 36 | MR53: 20 | MS53: 27 | MT53: 19 | MU53: 20 | MV53: 14 | MW53: 17 | MX53: 27 | MY53: 98 | MZ53: 21 | NA53: 37 | NB53: 29 | NC53: 30 | ND53: 17 | NE53: 21 | NF53: 12 | NG53: 28
B54: 7 to 8 | C54: =MIN(F54:LI54) -> 0.73687765 | D54: =MAX(F54:LI54) -> 159 | E54: =IFERROR(INT(AVERAGE(F54:LI54)),"0") -> 55 | F54: 10 | G54: 52 | H54: 20 | I54: 5 | J54: 24 | K54: 18 | L54: 16 | M54: 8 | N54: 10 | O54: 16 | P54: 33 | Q54: 18 | R54: 25 | S54: 33 | T54: 34 | U54: 26 | V54: 22 | W54: 36 | X54: 20 | Y54: 14 | Z54: 37 | AA54: 14 | AB54: 13 | AC54: 26 | AD54: 19 | AE54: 16 | AF54: 11 | AG54: 18 | AH54: 13 | AI54: 28 | AJ54: 35 | AK54: 43 | AL54: 27 | AM54: 16 | AN54: 28 | AO54: 55 | AP54: 42 | AQ54: 55 | AR54: 37 | AS54: 21 | AT54: 33 | AU54: 36 | AV54: 29 | AW54: 33 | AX54: 36 | AY54: 42 | AZ54: 42 | BA54: 37 | BB54: 26 | BC54: 43 | BD54: 31 | BE54: 59 | BF54: 47 | BG54: 24 | BH54: 47 | BI54: 68 | BJ54: 32 | BK54: 68 | BL54: 42 | BM54: 51 | BN54: 51 | BO54: 37 | BP54: 40 | BQ54: 29 | BR54: 54 | BS54: 47 | BT54: 59 | BU54: 22 | BV54: 32 | BW54: 27 | BX54: 65 | BY54: 49 | BZ54: 28 | CA54: 40 | CB54: 47 | CC54: 44 | CD54: 57 | CE54: 46 | CF54: 69 | CG54: 43 | CH54: 46 | CI54: 73 | CJ54: 86 | CK54: 56 | CL54: 66 | CN54: 74 | CO54: 119 | CP54: 119 | CQ54: 96 | CR54: 108 | CS54: 123 | CT54: 105 | CU54: 94 | CV54: 125 | CW54: 114 | CX54: 114 | CY54: 105 | CZ54: 146 | DA54: 110 | DB54: 73 | DC54: 85 | DD54: 56 | DE54: 79 | DF54: 47 | DG54: 57 | DH54: 58 | DI54: 51 | DJ54: 58 | DK54: 59 | DL54: 48 | DM54: 32 | DN54: 61 | DO54: 38 | DP54: 57 | DQ54: 56 | DR54: 50 | DS54: 62 | DT54: 106 | DU54: 39 | DV54: 60 | DW54: 44 | DX54: 44 | DY54: 31 | DZ54: 51 | EA54: 55 | EB54: 52 | EC54: 44 | ED54: 63 | EE54: 51 | EF54: 159 | EG54: 54 | EH54: 53 | EI54: 78 | EJ54: 56 | EK54: 56 | EL54: 65 | EM54: 39 | EN54: 61 | EO54: 85 | EP54: 48 | EQ54: 60 | ER54: 63 | ES54: 84 | ET54: 78 | EU54: 51 | EV54: 57 | EW54: 51 | EX54: 64 | EY54: 37 | EZ54: 79 | FA54: 34 | FB54: 38 | FC54: 66 | FD54: 53 | FE54: 47 | FF54: 43 | FG54: 59 | FH54: 31 | FI54: 59 | FJ54: 72 | FK54: 84 | FL54: 88 | FM54: 66 | FN54: 80 | FO54: 58 | FP54: 117 | FQ54: 111 | FR54: 53 | FS54: 72 | FT54: 68 | FU54: 60 | FV54: 43 | FW54: 74 | FX54: 75 | FY54: 44 | FZ54: 61 | GA54: 82 | GB54: 49 | GC54: 46 | GD54: 83 | GE54: 97 | GF54: 62 | GG54: 54 | GH54: 65 | GI54: 63 | GJ54: 47 | GK54: 62 | GL54: 62 | GM54: 50 | GN54: 79 | GO54: 60 | GP54: 55 | GQ54: 60 | GR54: 103 | GS54: 44 | GT54: 65 | GU54: 63 | GV54: 61 | GW54: 72 | GX54: 48 | GY54: 67 | GZ54: 72 | HA54: 59 | HB54: 54 | HC54: 48 | HD54: 59 | HE54: 51 | HF54: 45 | HG54: 75 | HH54: 94 | HI54: 45 | HJ54: 57 | HK54: 68 | HL54: 37 | HM54: 67 | HN54: 41 | HO54: 52 | HP54: 57 | HQ54: 35 | HR54: 55 | HS54: 46 | HT54: 69 | HU54: 59 | HV54: 52 | HW54: 44 | HX54: 97 | HY54: 74 | HZ54: 32 | IA54: 44 | IB54: 49 | IC54: 52 | ID54: 83 | IE54: 49 | IF54: 43 | IG54: 31 | IH54: 50 | II54: 40 | IJ54: 55 | IK54: 68 | IL54: 60 | IM54: 47 | IN54: 52 | IO54: 65 | IP54: 53 | IQ54: 49 | IR54: 59 | IS54: 52 | IT54: 53 | IU54: 59 | IV54: 48 | IW54: 78 | IX54: 72 | IY54: 58 | IZ54: 72 | JA54: 58 | JB54: 43 | JC54: 54 | JD54: 74 | JE54: 55 | JF54: 58 | JG54: 48 | JH54: 32 | JI54: 36 | JJ54: 54 | JK54: 40 | JL54: 47 | JM54: 44 | JN54: 47 | JO54: 30 | JP54: 43 | JQ54: 45 | JR54: 33 | JS54: 55 | JT54: 66 | JU54: 53 | JV54: 68 | JW54: 40 | JX54: 50 | JY54: 67 | JZ54: 39 | KA54: =KA11 -> 0.73687765 | KB54: 69 | KC54: 75 | KD54: 40 | KE54: 39 | KF54: 67 | KG54: 44 | KH54: 56 | KI54: 51 | KJ54: 63 | KK54: 66 | KL54: 109 | KM54: 102 | KN54: 88 | KO54: 112 | KP54: 74 | KQ54: 61 | KR54: 35 | KS54: 54 | KT54: 76 | KU54: 53 | KV54: 51 | KW54: 75 | KX54: 53 | KY54: 48 | KZ54: 35 | LH54: 88 | LI54: 112 | LJ54: 81 | LK54: 78 | LL54: 98 | LM54: 70 | LN54: 77 | LO54: 75 | LP54: 76 | LQ54: 85 | LR54: 64 | LS54: 91 | LT54: 73 | LU54: 92 | LV54: 91 | LW54: 85 | LX54: 86 | LY54: 86 | LZ54: 114 | MA54: 59 | MB54: 58 | MC54: 73 | MD54: 52 | ME54: 65 | MF54: 46 | MG54: 75 | MH54: 49 | MI54: 80 | MJ54: 71 | MK54: 60 | ML54: 58 | MM54: 68 | MN54: 76 | MO54: 32 | MP54: 36 | MQ54: 57 | MR54: 67 | MS54: 42 | MT54: 49 | MU54: 49 | MV54: 30 | MW54: 44 | MX54: 40 | MY54: 367 | MZ54: 33 | NA54: 81 | NB54: 54 | NC54: 58 | ND54: 36 | NE54: 52 | NF54: 61 | NG54: 51
B55: 8 to 9 | C55: =MIN(F55:LI55) -> 0.95 | D55: =MAX(F55:LI55) -> 281 | E55: =IFERROR(INT(AVERAGE(F55:LI55)),"0") -> 117 | F55: 21 | G55: 42 | H55: 22 | I55: 21 | J55: 18 | K55: 15 | L55: 10 | M55: 10 | N55: 17 | O55: 18 | P55: 11 | Q55: 13 | R55: 13 | S55: 12 | T55: 24 | U55: 38 | V55: 25 | W55: 28 | X55: 23 | Y55: 12 | Z55: 21 | AA55: 9 | AB55: 15 | AC55: 14 | AD55: 11 | AE55: 9 | AF55: 11 | AG55: 6 | AH55: 11 | AI55: 74 | AJ55: 94 | AK55: 86 | AL55: 73 | AM55: 79 | AN55: 122 | AO55: 80 | AP55: 134 | AQ55: 130 | AR55: 130 | AS55: 59 | AT55: 101 | AU55: 86 | AV55: 100 | AW55: 134 | AX55: 113 | AY55: 63 | AZ55: 63 | BA55: 62 | BB55: 87 | BC55: 117 | BD55: 109 | BE55: 135 | BF55: 103 | BG55: 62 | BH55: 85 | BI55: 164 | BJ55: 125 | BK55: 133 | BL55: 163 | BM55: 131 | BN55: 65 | BO55: 83 | BP55: 122 | BQ55: 103 | BR55: 81 | BS55: 107 | BT55: 110 | BU55: 66 | BV55: 111 | BW55: 100 | BX55: 141 | BY55: 68 | BZ55: 52 | CA55: 70 | CB55: 43 | CC55: 38 | CD55: 54 | CE55: 47 | CF55: 51 | CG55: 76 | CH55: 57 | CI55: 179 | CJ55: 75 | CK55: 62 | CL55: 58 | CN55: 86 | CO55: 117 | CP55: 63 | CQ55: 103 | CR55: 79 | CS55: 69 | CT55: 75 | CU55: 77 | CV55: 90 | CW55: 63 | CX55: 85 | CY55: 87 | CZ55: 71 | DA55: 95 | DB55: 179 | DC55: 113 | DD55: 75 | DE55: 99 | DF55: 126 | DG55: 148 | DH55: 128 | DI55: 128 | DJ55: 119 | DK55: 62 | DL55: 103 | DM55: 124 | DN55: 90 | DO55: 108 | DP55: 81 | DQ55: 132 | DR55: 117 | DS55: 144 | DT55: 138 | DU55: 148 | DV55: 173 | DW55: 115 | DX55: 104 | DY55: 48 | DZ55: 115 | EA55: 110 | EB55: 131 | EC55: 149 | ED55: 106 | EE55: 127 | EF55: 281 | EG55: 130 | EH55: 227 | EI55: 191 | EJ55: 206 | EK55: 204 | EL55: 157 | EM55: 69 | EN55: 141 | EO55: 126 | EP55: 183 | EQ55: 205 | ER55: 190 | ES55: 228 | ET55: 79 | EU55: 167 | EV55: 110 | EW55: 126 | EX55: 241 | EY55: 129 | EZ55: 202 | FA55: 89 | FB55: 192 | FC55: 198 | FD55: 167 | FE55: 209 | FF55: 180 | FG55: 157 | FH55: 62 | FI55: 178 | FJ55: 257 | FK55: 274 | FL55: 188 | FM55: 135 | FN55: 158 | FO55: 84 | FP55: 160 | FQ55: 149 | FR55: 101 | FS55: 119 | FT55: 188 | FU55: 90 | FV55: 51 | FW55: 185 | FX55: 153 | FY55: 198 | FZ55: 149 | GA55: 120 | GB55: 223 | GC55: 75 | GD55: 202 | GE55: 221 | GF55: 216 | GG55: 199 | GH55: 225 | GI55: 190 | GJ55: 58 | GK55: 210 | GL55: 204 | GM55: 247 | GN55: 201 | GO55: 194 | GP55: 215 | GQ55: 74 | GR55: 58 | GS55: 250 | GT55: 223 | GU55: 194 | GV55: 180 | GW55: 169 | GX55: 70 | GY55: 131 | GZ55: 248 | HA55: 201 | HB55: 189 | HC55: 173 | HD55: 182 | HE55: 57 | HF55: 231 | HG55: 216 | HH55: 190 | HI55: 187 | HJ55: 230 | HK55: 148 | HL55: 77 | HM55: 198 | HN55: 157 | HO55: 173 | HP55: 143 | HQ55: 149 | HR55: 107 | HS55: 86 | HT55: 197 | HU55: 166 | HV55: 160 | HW55: 166 | HX55: 120 | HY55: 184 | HZ55: 75 | IA55: 169 | IB55: 123 | IC55: 120 | ID55: 116 | IE55: 102 | IF55: 98 | IG55: 136 | IH55: 114 | II55: 80 | IJ55: 143 | IK55: 93 | IL55: 118 | IM55: 113 | IN55: 72 | IO55: 94 | IP55: 105 | IQ55: 96 | IR55: 103 | IS55: 127 | IT55: 112 | IU55: 75 | IV55: 114 | IW55: 140 | IX55: 140 | IY55: 118 | IZ55: 134 | JA55: 119 | JB55: 75 | JC55: 136 | JD55: 75 | JE55: 63 | JF55: 99 | JG55: 93 | JH55: 101 | JI55: 76 | JJ55: 120 | JK55: 125 | JL55: 91 | JM55: 105 | JN55: 109 | JO55: 118 | JP55: 51 | JQ55: 118 | JR55: 100 | JS55: 95 | JT55: 118 | JU55: 132 | JV55: 103 | JW55: 94 | JX55: 111 | JY55: 99 | JZ55: 103 | KA55: =KA12 -> 0.95 | KB55: 155 | KC55: 119 | KD55: 86 | KE55: 112 | KF55: 138 | KG55: 111 | KH55: 126 | KI55: 140 | KJ55: 125 | KK55: 117 | KL55: 177 | KM55: 232 | KN55: 174 | KO55: 234 | KP55: 126 | KQ55: 150 | KR55: 80 | KS55: 106 | KT55: 142 | KU55: 104 | KV55: 105 | KW55: 117 | KX55: 123 | KY55: 58 | KZ55: 69 | LH55: 206 | LI55: 227 | LJ55: 206 | LK55: 180 | LL55: 217 | LM55: 143 | LN55: 239 | LO55: 193 | LP55: 217 | LQ55: 210 | LR55: 291 | LS55: 273 | LT55: 150 | LU55: 294 | LV55: 298 | LW55: 288 | LX55: 269 | LY55: 272 | LZ55: 344 | MA55: 127 | MB55: 248 | MC55: 231 | MD55: 227 | ME55: 183 | MF55: 155 | MG55: 237 | MH55: 125 | MI55: 284 | MJ55: 205 | MK55: 172 | ML55: 184 | MM55: 217 | MN55: 186 | MO55: 81 | MP55: 184 | MQ55: 207 | MR55: 158 | MS55: 197 | MT55: 175 | MU55: 163 | MV55: 73 | MW55: 141 | MX55: 121 | MY55: 1132 | MZ55: 183 | NA55: 146 | NB55: 141 | NC55: 94 | ND55: 157 | NE55: 155 | NF55: 168 | NG55: 173
B56: 9 to 10 | C56: =MIN(F56:LI56) -> 0.85 | D56: =MAX(F56:LI56) -> 434 | E56: =IFERROR(INT(AVERAGE(F56:LI56)),"0") -> 208 | F56: 39 | G56: 45 | H56: 41 | I56: 35 | J56: 33 | K56: 29 | L56: 17 | M56: 28 | N56: 17 | O56: 24 | P56: 23 | Q56: 22 | R56: 12 | S56: 30 | T56: 16 | U56: 27 | V56: 32 | W56: 54 | X56: 27 | Y56: 16 | Z56: 29 | AA56: 27 | AB56: 41 | AC56: 42 | AD56: 68 | AE56: 21 | AF56: 23 | AG56: 33 | AH56: 22 | AI56: 156 | AJ56: 144 | AK56: 206 | AL56: 96 | AM56: 195 | AN56: 230 | AO56: 219 | AP56: 236 | AQ56: 253 | AR56: 269 | AS56: 114 | AT56: 195 | AU56: 211 | AV56: 195 | AW56: 227 | AX56: 313 | AY56: 105 | AZ56: 105 | BA56: 231 | BB56: 223 | BC56: 248 | BD56: 200 | BE56: 261 | BF56: 218 | BG56: 139 | BH56: 158 | BI56: 340 | BJ56: 247 | BK56: 265 | BL56: 255 | BM56: 232 | BN56: 135 | BO56: 199 | BP56: 219 | BQ56: 199 | BR56: 205 | BS56: 211 | BT56: 232 | BU56: 167 | BV56: 225 | BW56: 188 | BX56: 276 | BY56: 139 | BZ56: 107 | CA56: 139 | CB56: 93 | CC56: 86 | CD56: 104 | CE56: 86 | CF56: 84 | CG56: 92 | CH56: 91 | CI56: 59 | CJ56: 81 | CK56: 79 | CL56: 113 | CN56: 128 | CO56: 92 | CP56: 68 | CQ56: 92 | CR56: 126 | CS56: 99 | CT56: 114 | CU56: 104 | CV56: 121 | CW56: 117 | CX56: 92 | CY56: 94 | CZ56: 113 | DA56: 112 | DB56: 247 | DC56: 156 | DD56: 126 | DE56: 183 | DF56: 171 | DG56: 232 | DH56: 229 | DI56: 224 | DJ56: 213 | DK56: 106 | DL56: 182 | DM56: 241 | DN56: 221 | DO56: 211 | DP56: 200 | DQ56: 252 | DR56: 212 | DS56: 269 | DT56: 311 | DU56: 275 | DV56: 349 | DW56: 228 | DX56: 207 | DY56: 102 | DZ56: 213 | EA56: 276 | EB56: 397 | EC56: 233 | ED56: 254 | EE56: 264 | EF56: 306 | EG56: 238 | EH56: 265 | EI56: 319 | EJ56: 300 | EK56: 363 | EL56: 283 | EM56: 139 | EN56: 266 | EO56: 324 | EP56: 316 | EQ56: 353 | ER56: 319 | ES56: 329 | ET56: 164 | EU56: 294 | EV56: 216 | EW56: 326 | EX56: 342 | EY56: 242 | EZ56: 301 | FA56: 115 | FB56: 311 | FC56: 352 | FD56: 343 | FE56: 312 | FF56: 337 | FG56: 316 | FH56: 104 | FI56: 231 | FJ56: 323 | FK56: 432 | FL56: 308 | FM56: 265 | FN56: 296 | FO56: 148 | FP56: 287 | FQ56: 185 | FR56: 190 | FS56: 199 | FT56: 228 | FU56: 302 | FV56: 111 | FW56: 275 | FX56: 230 | FY56: 322 | FZ56: 244 | GA56: 211 | GB56: 329 | GC56: 117 | GD56: 285 | GE56: 316 | GF56: 319 | GG56: 311 | GH56: 344 | GI56: 306 | GJ56: 114 | GK56: 302 | GL56: 320 | GM56: 342 | GN56: 326 | GO56: 283 | GP56: 358 | GQ56: 123 | GR56: 135 | GS56: 377 | GT56: 362 | GU56: 340 | GV56: 303 | GW56: 294 | GX56: 116 | GY56: 238 | GZ56: 409 | HA56: 283 | HB56: 328 | HC56: 331 | HD56: 353 | HE56: 103 | HF56: 293 | HG56: 322 | HH56: 338 | HI56: 306 | HJ56: 344 | HK56: 210 | HL56: 114 | HM56: 268 | HN56: 323 | HO56: 389 | HP56: 318 | HQ56: 250 | HR56: 249 | HS56: 162 | HT56: 254 | HU56: 314 | HV56: 302 | HW56: 357 | HX56: 266 | HY56: 330 | HZ56: 120 | IA56: 277 | IB56: 232 | IC56: 228 | ID56: 227 | IE56: 231 | IF56: 232 | IG56: 133 | IH56: 138 | II56: 217 | IJ56: 207 | IK56: 223 | IL56: 221 | IM56: 233 | IN56: 97 | IO56: 205 | IP56: 197 | IQ56: 183 | IR56: 232 | IS56: 232 | IT56: 225 | IU56: 105 | IV56: 249 | IW56: 303 | IX56: 292 | IY56: 229 | IZ56: 196 | JA56: 227 | JB56: 101 | JC56: 205 | JD56: 129 | JE56: 178 | JF56: 173 | JG56: 222 | JH56: 226 | JI56: 123 | JJ56: 192 | JK56: 229 | JL56: 195 | JM56: 196 | JN56: 180 | JO56: 206 | JP56: 123 | JQ56: 311 | JR56: 204 | JS56: 196 | JT56: 216 | JU56: 227 | JV56: 199 | JW56: 137 | JX56: 205 | JY56: 252 | JZ56: 175 | KA56: =KA13 -> 0.85 | KB56: 217 | KC56: 243 | KD56: 188 | KE56: 192 | KF56: 225 | KG56: 223 | KH56: 231 | KI56: 220 | KJ56: 213 | KK56: 232 | KL56: 358 | KM56: 433 | KN56: 369 | KO56: 434 | KP56: 257 | KQ56: 301 | KR56: 199 | KS56: 275 | KT56: 251 | KU56: 205 | KV56: 232 | KW56: 243 | KX56: 196 | KY56: 198 | KZ56: 195 | LH56: 382 | LI56: 354 | LJ56: 343 | LK56: 297 | LL56: 342 | LM56: 306 | LN56: 406 | LO56: 342 | LP56: 350 | LQ56: 323 | LR56: 439 | LS56: 471 | LT56: 316 | LU56: 616 | LV56: 435 | LW56: 449 | LX56: 356 | LY56: 422 | LZ56: 540 | MA56: 279 | MB56: 478 | MC56: 312 | MD56: 376 | ME56: 318 | MF56: 347 | MG56: 405 | MH56: 323 | MI56: 513 | MJ56: 374 | MK56: 349 | ML56: 350 | MM56: 298 | MN56: 316 | MO56: 188 | MP56: 297 | MQ56: 356 | MR56: 335 | MS56: 356 | MT56: 362 | MU56: 352 | MV56: 177 | MW56: 252 | MX56: 243 | MY56: 1847 | MZ56: 254 | NA56: 264 | NB56: 228 | NC56: 229 | ND56: 285 | NE56: 267 | NF56: 275 | NG56: 249
B57: 10 to 11 | C57: =MIN(F57:LI57) -> 0 | D57: =MAX(F57:LI57) -> 757 | E57: =IFERROR(INT(AVERAGE(F57:LI57)),"0") -> 340 | F57: 74 | G57: 67 | H57: 75 | I57: 84 | J57: 60 | K57: 111 | L57: 92 | M57: 75 | N57: 64 | O57: 69 | P57: 95 | Q57: 26 | R57: 68 | S57: 76 | T57: 54 | U57: 73 | V57: 84 | W57: 76 | X57: 54 | Y57: 38 | Z57: 95 | AA57: 92 | AB57: 66 | AC57: 87 | AD57: 98 | AE57: 48 | AF57: 47 | AG57: 86 | AH57: 99 | AI57: 232 | AJ57: 257 | AK57: 349 | AL57: 193 | AM57: 337 | AN57: 329 | AO57: 407 | AP57: 446 | AQ57: 393 | AR57: 396 | AS57: 201 | AT57: 349 | AU57: 387 | AV57: 344 | AW57: 391 | AX57: 423 | AY57: 168 | AZ57: 168 | BA57: 376 | BB57: 425 | BC57: 362 | BD57: 388 | BE57: 386 | BF57: 400 | BG57: 213 | BH57: 344 | BI57: 555 | BJ57: 461 | BK57: 461 | BL57: 506 | BM57: 372 | BN57: 252 | BO57: 315 | BP57: 373 | BQ57: 330 | BR57: 319 | BS57: 333 | BT57: 309 | BU57: 274 | BV57: 364 | BW57: 370 | BX57: 424 | BY57: 190 | BZ57: 141 | CA57: 171 | CB57: 171 | CC57: 144 | CD57: 147 | CE57: 159 | CF57: 179 | CG57: 133 | CH57: 173 | CI57: 84 | CJ57: 121 | CK57: 170 | CL57: 159 | CN57: 145 | CO57: 175 | CP57: 97 | CQ57: 122 | CR57: 157 | CS57: 155 | CT57: 191 | CU57: 169 | CV57: 188 | CW57: 112 | CX57: 166 | CY57: 163 | CZ57: 163 | DA57: 128 | DB57: 467 | DC57: 354 | DD57: 235 | DE57: 326 | DF57: 303 | DG57: 313 | DH57: 388 | DI57: 395 | DJ57: 356 | DK57: 246 | DL57: 342 | DM57: 457 | DN57: 359 | DO57: 359 | DP57: 452 | DQ57: 467 | DR57: 299 | DS57: 465 | DT57: 553 | DU57: 488 | DV57: 496 | DW57: 368 | DX57: 345 | DY57: 243 | DZ57: 383 | EA57: 437 | EB57: 620 | EC57: 596 | ED57: 411 | EE57: 505 | EF57: 368 | EG57: 438 | EH57: 555 | EI57: 566 | EJ57: 471 | EK57: 714 | EL57: 610 | EM57: 250 | EN57: 372 | EO57: 493 | EP57: 548 | EQ57: 448 | ER57: 556 | ES57: 438 | ET57: 284 | EU57: 479 | EV57: 413 | EW57: 466 | EX57: 496 | EY57: 480 | EZ57: 541 | FA57: 204 | FB57: 422 | FC57: 563 | FD57: 466 | FE57: 489 | FF57: 501 | FG57: 489 | FH57: 206 | FI57: 395 | FJ57: 483 | FK57: 667 | FL57: 483 | FM57: 462 | FN57: 539 | FO57: 244 | FP57: 435 | FQ57: 221 | FR57: 371 | FS57: 333 | FT57: 272 | FU57: 403 | FV57: 196 | FW57: 385 | FX57: 438 | FY57: 501 | FZ57: 433 | GA57: 414 | GB57: 404 | GC57: 190 | GD57: 428 | GE57: 479 | GF57: 475 | GG57: 646 | GH57: 505 | GI57: 468 | GJ57: 216 | GK57: 436 | GL57: 447 | GM57: 555 | GN57: 478 | GO57: 495 | GP57: 487 | GQ57: 248 | GR57: 283 | GS57: 540 | GT57: 455 | GU57: 519 | GV57: 518 | GW57: 491 | GX57: 206 | GY57: 390 | GZ57: 551 | HA57: 502 | HB57: 500 | HC57: 511 | HD57: 500 | HE57: 176 | HF57: 426 | HG57: 435 | HH57: 529 | HI57: 484 | HJ57: 491 | HK57: 353 | HL57: 182 | HM57: 452 | HN57: 473 | HO57: 541 | HP57: 459 | HQ57: 472 | HR57: 382 | HS57: 162 | HT57: 426 | HU57: 477 | HV57: 439 | HW57: 535 | HX57: 347 | HY57: 438 | HZ57: 172 | IA57: 392 | IB57: 432 | IC57: 464 | ID57: 399 | IE57: 402 | IF57: 360 | IG57: 211 | IH57: 316 | II57: 365 | IJ57: 360 | IK57: 363 | IL57: 372 | IM57: 347 | IN57: 192 | IO57: 301 | IP57: 343 | IQ57: 345 | IR57: 396 | IS57: 381 | IT57: 415 | IU57: 196 | IV57: 442 | IW57: 471 | IX57: 432 | IY57: 461 | IZ57: 336 | JA57: 377 | JB57: 161 | JC57: 319 | JD57: 254 | JE57: 296 | JF57: 341 | JG57: 351 | JH57: 415 | JI57: 191 | JJ57: 362 | JK57: 349 | JL57: 329 | JM57: 321 | JN57: 299 | JO57: 331 | JP57: 202 | JQ57: 480 | JR57: 322 | JS57: 287 | JT57: 315 | JU57: 314 | JV57: 347 | JW57: 229 | JX57: 344 | JY57: 323 | JZ57: 279 | KA57: =KA14 -> 0 | KB57: 376 | KC57: 419 | KD57: 307 | KE57: 423 | KF57: 361 | KG57: 374 | KH57: 368 | KI57: 276 | KJ57: 310 | KK57: 461 | KL57: 620 | KM57: 668 | KN57: 524 | KO57: 642 | KP57: 474 | KQ57: 464 | KR57: 270 | KS57: 386 | KT57: 360 | KU57: 339 | KV57: 353 | KW57: 319 | KX57: 345 | KY57: 268 | KZ57: 324 | LH57: 526 | LI57: 757 | LJ57: 519 | LK57: 452 | LL57: 511 | LM57: 477 | LN57: 586 | LO57: 565 | LP57: 501 | LQ57: 504 | LR57: 650 | LS57: 664 | LT57: 560 | LU57: 1153 | LV57: 766 | LW57: 729 | LX57: 662 | LY57: 611 | LZ57: 815 | MA57: 604 | MB57: 872 | MC57: 514 | MD57: 472 | ME57: 463 | MF57: 575 | MG57: 694 | MH57: 476 | MI57: 892 | MJ57: 550 | MK57: 561 | ML57: 488 | MM57: 414 | MN57: 545 | MO57: 356 | MP57: 463 | MQ57: 533 | MR57: 529 | MS57: 547 | MT57: 500 | MU57: 474 | MV57: 312 | MW57: 414 | MX57: 384 | MY57: 3437 | MZ57: 411 | NA57: 475 | NB57: 490 | NC57: 390 | ND57: 437 | NE57: 468 | NF57: 453 | NG57: 461
B58: 11 to 12 | C58: =MIN(F58:LI58) -> 0 | D58: =MAX(F58:LI58) -> 1031 | E58: =IFERROR(INT(AVERAGE(F58:LI58)),"0") -> 493 | F58: 183 | G58: 192 | H58: 177 | I58: 190 | J58: 149 | K58: 210 | L58: 149 | M58: 169 | N58: 157 | O58: 154 | P58: 157 | Q58: 99 | R58: 158 | S58: 177 | T58: 159 | U58: 186 | V58: 170 | W58: 165 | X58: 80 | Y58: 124 | Z58: 134 | AA58: 132 | AB58: 127 | AC58: 152 | AD58: 217 | AE58: 111 | AF58: 168 | AG58: 131 | AH58: 131 | AI58: 340 | AJ58: 425 | AK58: 382 | AL58: 380 | AM58: 489 | AN58: 453 | AO58: 604 | AP58: 659 | AQ58: 521 | AR58: 567 | AS58: 336 | AT58: 604 | AU58: 511 | AV58: 518 | AW58: 591 | AX58: 538 | AY58: 329 | AZ58: 329 | BA58: 594 | BB58: 634 | BC58: 500 | BD58: 532 | BE58: 587 | BF58: 527 | BG58: 308 | BH58: 523 | BI58: 789 | BJ58: 682 | BK58: 585 | BL58: 615 | BM58: 621 | BN58: 373 | BO58: 482 | BP58: 535 | BQ58: 455 | BR58: 435 | BS58: 435 | BT58: 452 | BU58: 339 | BV58: 552 | BW58: 597 | BX58: 558 | BY58: 311 | BZ58: 255 | CA58: 255 | CB58: 241 | CC58: 302 | CD58: 278 | CE58: 232 | CF58: 247 | CG58: 201 | CH58: 222 | CI58: 136 | CJ58: 225 | CK58: 291 | CL58: 312 | CN58: 341 | CO58: 243 | CP58: 153 | CQ58: 235 | CR58: 271 | CS58: 232 | CT58: 296 | CU58: 231 | CV58: 275 | CW58: 140 | CX58: 226 | CY58: 269 | CZ58: 224 | DA58: 208 | DB58: 480 | DC58: 416 | DD58: 259 | DE58: 438 | DF58: 433 | DG58: 553 | DH58: 513 | DI58: 605 | DJ58: 529 | DK58: 219 | DL58: 427 | DM58: 550 | DN58: 685 | DO58: 534 | DP58: 510 | DQ58: 572 | DR58: 401 | DS58: 611 | DT58: 718 | DU58: 696 | DV58: 739 | DW58: 480 | DX58: 507 | DY58: 268 | DZ58: 499 | EA58: 796 | EB58: 700 | EC58: 777 | ED58: 795 | EE58: 822 | EF58: 476 | EG58: 701 | EH58: 820 | EI58: 820 | EJ58: 772 | EK58: 1009 | EL58: 792 | EM58: 374 | EN58: 612 | EO58: 615 | EP58: 732 | EQ58: 576 | ER58: 729 | ES58: 632 | ET58: 392 | EU58: 591 | EV58: 635 | EW58: 637 | EX58: 601 | EY58: 713 | EZ58: 625 | FA58: 306 | FB58: 635 | FC58: 702 | FD58: 547 | FE58: 764 | FF58: 613 | FG58: 688 | FH58: 298 | FI58: 656 | FJ58: 688 | FK58: 869 | FL58: 687 | FM58: 613 | FN58: 692 | FO58: 384 | FP58: 735 | FQ58: 310 | FR58: 476 | FS58: 480 | FT58: 445 | FU58: 498 | FV58: 235 | FW58: 480 | FX58: 592 | FY58: 669 | FZ58: 557 | GA58: 693 | GB58: 667 | GC58: 279 | GD58: 471 | GE58: 684 | GF58: 631 | GG58: 690 | GH58: 726 | GI58: 666 | GJ58: 284 | GK58: 652 | GL58: 661 | GM58: 689 | GN58: 705 | GO58: 736 | GP58: 656 | GQ58: 355 | GR58: 544 | GS58: 780 | GT58: 661 | GU58: 784 | GV58: 698 | GW58: 724 | GX58: 335 | GY58: 683 | GZ58: 821 | HA58: 672 | HB58: 711 | HC58: 786 | HD58: 746 | HE58: 258 | HF58: 602 | HG58: 611 | HH58: 737 | HI58: 578 | HJ58: 692 | HK58: 611 | HL58: 296 | HM58: 628 | HN58: 625 | HO58: 738 | HP58: 648 | HQ58: 643 | HR58: 755 | HS58: 285 | HT58: 551 | HU58: 761 | HV58: 660 | HW58: 705 | HX58: 656 | HY58: 626 | HZ58: 270 | IA58: 544 | IB58: 646 | IC58: 661 | ID58: 604 | IE58: 562 | IF58: 617 | IG58: 304 | IH58: 493 | II58: 581 | IJ58: 579 | IK58: 528 | IL58: 644 | IM58: 578 | IN58: 254 | IO58: 410 | IP58: 522 | IQ58: 522 | IR58: 589 | IS58: 613 | IT58: 633 | IU58: 336 | IV58: 634 | IW58: 660 | IX58: 647 | IY58: 598 | IZ58: 577 | JA58: 549 | JB58: 303 | JC58: 429 | JD58: 441 | JE58: 426 | JF58: 510 | JG58: 533 | JH58: 616 | JI58: 259 | JJ58: 663 | JK58: 505 | JL58: 440 | JM58: 571 | JN58: 395 | JO58: 462 | JP58: 385 | JQ58: 587 | JR58: 399 | JS58: 413 | JT58: 457 | JU58: 417 | JV58: 462 | JW58: 371 | JX58: 530 | JY58: 411 | JZ58: 370 | KA58: =KA15 -> 0 | KB58: 515 | KC58: 498 | KD58: 470 | KE58: 559 | KF58: 471 | KG58: 445 | KH58: 765 | KI58: 447 | KJ58: 408 | KK58: 640 | KL58: 1027 | KM58: 913 | KN58: 622 | KO58: 1031 | KP58: 737 | KQ58: 774 | KR58: 504 | KS58: 565 | KT58: 495 | KU58: 452 | KV58: 425 | KW58: 459 | KX58: 442 | KY58: 381 | KZ58: 510 | LH58: 780 | LI58: 716 | LJ58: 645 | LK58: 724 | LL58: 822 | LM58: 806 | LN58: 927 | LO58: 584 | LP58: 651 | LQ58: 1051 | LR58: 795 | LS58: 752 | LT58: 749 | LU58: 1511 | LV58: 1291 | LW58: 1074 | LX58: 973 | LY58: 936 | LZ58: 1011 | MA58: 802 | MB58: 1365 | MC58: 819 | MD58: 670 | ME58: 634 | MF58: 720 | MG58: 731 | MH58: 689 | MI58: 1268 | MJ58: 830 | MK58: 768 | ML58: 648 | MM58: 644 | MN58: 704 | MO58: 522 | MP58: 785 | MQ58: 601 | MR58: 708 | MS58: 686 | MT58: 690 | MU58: 771 | MV58: 467 | MW58: 602 | MX58: 533 | MY58: 4959 | MZ58: 597 | NA58: 872 | NB58: 812 | NC58: 557 | ND58: 835 | NE58: 742 | NF58: 816 | NG58: 724
B59: 12 to 13 | C59: =MIN(F59:LI59) -> 0 | D59: =MAX(F59:LI59) -> 1414 | E59: =IFERROR(INT(AVERAGE(F59:LI59)),"0") -> 636 | F59: 323 | G59: 322 | H59: 419 | I59: 412 | J59: 191 | K59: 323 | L59: 316 | M59: 364 | N59: 374 | O59: 286 | P59: 302 | Q59: 211 | R59: 287 | S59: 369 | T59: 292 | U59: 283 | V59: 297 | W59: 287 | X59: 164 | Y59: 257 | Z59: 273 | AA59: 210 | AB59: 228 | AC59: 284 | AD59: 440 | AE59: 211 | AF59: 313 | AG59: 246 | AH59: 244 | AI59: 405 | AJ59: 487 | AK59: 586 | AL59: 476 | AM59: 646 | AN59: 595 | AO59: 586 | AP59: 884 | AQ59: 721 | AR59: 731 | AS59: 576 | AT59: 886 | AU59: 632 | AV59: 669 | AW59: 610 | AX59: 724 | AY59: 519 | AZ59: 519 | BA59: 770 | BB59: 689 | BC59: 597 | BD59: 670 | BE59: 668 | BF59: 710 | BG59: 476 | BH59: 676 | BI59: 1005 | BJ59: 828 | BK59: 731 | BL59: 832 | BM59: 691 | BN59: 553 | BO59: 632 | BP59: 599 | BQ59: 530 | BR59: 522 | BS59: 528 | BT59: 601 | BU59: 467 | BV59: 586 | BW59: 654 | BX59: 660 | BY59: 415 | BZ59: 469 | CA59: 450 | CB59: 352 | CC59: 389 | CD59: 396 | CE59: 349 | CF59: 331 | CG59: 388 | CH59: 340 | CI59: 156 | CJ59: 290 | CK59: 333 | CL59: 373 | CM59: 233 | CN59: 399 | CO59: 400 | CP59: 188 | CQ59: 255 | CR59: 420 | CS59: 380 | CT59: 388 | CU59: 349 | CV59: 364 | CW59: 187 | CX59: 263 | CY59: 372 | CZ59: 289 | DA59: 285 | DB59: 430 | DC59: 502 | DD59: 409 | DE59: 560 | DF59: 537 | DG59: 655 | DH59: 673 | DI59: 635 | DJ59: 648 | DK59: 440 | DL59: 677 | DM59: 480 | DN59: 669 | DO59: 672 | DP59: 746 | DQ59: 815 | DR59: 516 | DS59: 845 | DT59: 889 | DU59: 914 | DV59: 971 | DW59: 731 | DX59: 688 | DY59: 405 | DZ59: 683 | EA59: 963 | EB59: 913 | EC59: 852 | ED59: 924 | EE59: 919 | EF59: 561 | EG59: 840 | EH59: 942 | EI59: 910 | EJ59: 881 | EK59: 1039 | EL59: 809 | EM59: 494 | EN59: 730 | EO59: 832 | EP59: 904 | EQ59: 666 | ER59: 841 | ES59: 1333 | ET59: 497 | EU59: 690 | EV59: 759 | EW59: 1414 | EX59: 777 | EY59: 956 | EZ59: 785 | FA59: 495 | FB59: 744 | FC59: 865 | FD59: 858 | FE59: 873 | FF59: 891 | FG59: 718 | FH59: 438 | FI59: 683 | FJ59: 805 | FK59: 1098 | FL59: 932 | FM59: 828 | FN59: 862 | FO59: 566 | FP59: 1048 | FQ59: 370 | FR59: 655 | FS59: 673 | FT59: 611 | FU59: 744 | FV59: 446 | FW59: 692 | FX59: 860 | FY59: 815 | FZ59: 789 | GA59: 883 | GB59: 711 | GC59: 456 | GD59: 840 | GE59: 892 | GF59: 804 | GG59: 811 | GH59: 1024 | GI59: 828 | GJ59: 417 | GK59: 848 | GL59: 735 | GM59: 970 | GN59: 845 | GO59: 904 | GP59: 943 | GQ59: 520 | GR59: 835 | GS59: 1033 | GT59: 851 | GU59: 858 | GV59: 808 | GW59: 827 | GX59: 450 | GY59: 1047 | GZ59: 959 | HA59: 740 | HB59: 877 | HC59: 944 | HD59: 999 | HE59: 383 | HF59: 726 | HG59: 885 | HH59: 890 | HI59: 922 | HJ59: 845 | HK59: 899 | HL59: 432 | HM59: 830 | HN59: 231 | HO59: 820 | HP59: 821 | HQ59: 767 | HR59: 901 | HS59: 439 | HT59: 789 | HU59: 803 | HV59: 892 | HW59: 897 | HX59: 881 | HY59: 765 | HZ59: 458 | IA59: 817 | IB59: 923 | IC59: 851 | ID59: 901 | IE59: 748 | IF59: 787 | IG59: 439 | IH59: 686 | II59: 746 | IJ59: 660 | IK59: 715 | IL59: 750 | IM59: 653 | IN59: 431 | IO59: 642 | IP59: 783 | IQ59: 703 | IR59: 663 | IS59: 752 | IT59: 750 | IU59: 486 | IV59: 894 | IW59: 858 | IX59: 807 | IY59: 753 | IZ59: 680 | JA59: 746 | JB59: 472 | JC59: 620 | JD59: 539 | JE59: 584 | JF59: 605 | JG59: 662 | JH59: 730 | JI59: 402 | JJ59: 790 | JK59: 556 | JL59: 538 | JM59: 576 | JN59: 554 | JO59: 499 | JP59: 388 | JQ59: 609 | JR59: 471 | JS59: 519 | JT59: 589 | JU59: 562 | JV59: 505 | JW59: 464 | JX59: 674 | JY59: 544 | JZ59: 445 | KA59: =KA16 -> 0 | KB59: 620 | KC59: 661 | KD59: 515 | KE59: 741 | KF59: 550 | KG59: 540 | KH59: 717 | KI59: 532 | KJ59: 480 | KK59: 601 | KL59: 1015 | KM59: 1100 | KN59: 774 | KO59: 1091 | KP59: 929 | KQ59: 968 | KR59: 555 | KS59: 941 | KT59: 530 | KU59: 522 | KV59: 527 | KW59: 547 | KX59: 550 | KY59: 436 | KZ59: 708 | LH59: 1049 | LI59: 967 | LJ59: 733 | LK59: 917 | LL59: 1325 | LM59: 2 | LN59: 1100 | LO59: 901 | LP59: 894 | LQ59: 1344 | LR59: 1151 | LS59: 1279 | LU59: 1829 | LV59: 1516 | LW59: 1449 | LX59: 1278 | LY59: 1182 | LZ59: 1839 | MA59: 1 | MB59: 1539 | MC59: 948 | MD59: 1055 | ME59: 781 | MF59: 854 | MG59: 1043 | MH59: 1 | MI59: 1599 | MJ59: 982 | MK59: 898 | ML59: 720 | MM59: 780 | MN59: 945 | MP59: 974 | MQ59: 950 | MR59: 963 | MS59: 973 | MT59: 853 | MU59: 950 | MW59: 820 | MX59: 804 | MY59: 5413 | MZ59: 860 | NA59: 1214 | NB59: 947 | ND59: 967 | NE59: 1004 | NF59: 947 | NG59: 1031
B60: 13 to 14 | C60: =MIN(F60:LI60) -> 0 | D60: =MAX(F60:LI60) -> 1667 | E60: =IFERROR(INT(AVERAGE(F60:LI60)),"0") -> 705 | F60: 492 | G60: 513 | H60: 594 | I60: 573 | J60: 262 | K60: 502 | L60: 542 | M60: 474 | N60: 464 | O60: 488 | P60: 513 | Q60: 257 | R60: 408 | S60: 585 | T60: 520 | U60: 471 | V60: 472 | W60: 424 | X60: 306 | Y60: 385 | Z60: 371 | AA60: 365 | AB60: 369 | AC60: 365 | AD60: 494 | AE60: 300 | AF60: 447 | AG60: 354 | AH60: 380 | AI60: 576 | AJ60: 584 | AK60: 718 | AL60: 423 | AM60: 682 | AN60: 720 | AO60: 813 | AP60: 836 | AQ60: 913 | AR60: 959 | AS60: 448 | AT60: 845 | AU60: 762 | AV60: 811 | AW60: 781 | AX60: 732 | AY60: 511 | AZ60: 511 | BA60: 720 | BB60: 825 | BC60: 804 | BD60: 950 | BE60: 881 | BF60: 805 | BG60: 439 | BH60: 696 | BI60: 1102 | BJ60: 955 | BK60: 850 | BL60: 810 | BM60: 979 | BN60: 451 | BO60: 741 | BP60: 721 | BQ60: 679 | BR60: 662 | BS60: 701 | BT60: 888 | BU60: 457 | BV60: 684 | BW60: 699 | BX60: 844 | BY60: 500 | BZ60: 539 | CA60: 639 | CB60: 334 | CC60: 603 | CD60: 501 | CE60: 429 | CF60: 512 | CG60: 504 | CH60: 607 | CI60: 260 | CJ60: 371 | CK60: 470 | CL60: 299 | CM60: 554 | CN60: 459 | CO60: 453 | CP60: 264 | CQ60: 371 | CR60: 448 | CS60: 418 | CT60: 450 | CU60: 423 | CV60: 399 | CW60: 280 | CX60: 346 | CY60: 381 | CZ60: 352 | DA60: 291 | DB60: 369 | DC60: 543 | DD60: 408 | DE60: 666 | DF60: 637 | DG60: 794 | DH60: 744 | DI60: 730 | DJ60: 704 | DK60: 397 | DL60: 775 | DM60: 727 | DN60: 786 | DO60: 730 | DP60: 877 | DQ60: 807 | DR60: 532 | DS60: 860 | DT60: 980 | DU60: 931 | DV60: 923 | DW60: 808 | DX60: 888 | DY60: 420 | DZ60: 681 | EA60: 801 | EB60: 751 | EC60: 811 | ED60: 866 | EE60: 997 | EF60: 565 | EG60: 990 | EH60: 921 | EI60: 922 | EJ60: 906 | EK60: 1020 | EL60: 815 | EM60: 477 | EN60: 814 | EO60: 887 | EP60: 882 | EQ60: 828 | ER60: 777 | ES60: 1524 | ET60: 506 | EU60: 789 | EV60: 862 | EW60: 1667 | EX60: 875 | EY60: 805 | EZ60: 873 | FA60: 473 | FB60: 862 | FC60: 985 | FD60: 816 | FE60: 856 | FF60: 826 | FG60: 900 | FH60: 486 | FI60: 812 | FJ60: 804 | FK60: 1091 | FL60: 966 | FM60: 848 | FN60: 860 | FO60: 586 | FP60: 1238 | FQ60: 383 | FR60: 673 | FS60: 691 | FT60: 667 | FU60: 850 | FV60: 458 | FW60: 763 | FX60: 946 | FY60: 758 | FZ60: 825 | GA60: 843 | GB60: 801 | GC60: 459 | GD60: 704 | GE60: 864 | GF60: 789 | GG60: 800 | GH60: 901 | GI60: 941 | GJ60: 463 | GK60: 942 | GL60: 952 | GM60: 842 | GN60: 898 | GO60: 902 | GP60: 978 | GQ60: 450 | GR60: 966 | GS60: 971 | GT60: 974 | GU60: 896 | GV60: 815 | GW60: 824 | GX60: 495 | GY60: 1132 | GZ60: 934 | HA60: 764 | HB60: 884 | HC60: 925 | HD60: 864 | HE60: 384 | HF60: 785 | HG60: 1180 | HH60: 1023 | HI60: 948 | HJ60: 841 | HK60: 1069 | HL60: 398 | HM60: 890 | HN60: 396 | HO60: 869 | HP60: 918 | HQ60: 831 | HR60: 979 | HS60: 401 | HT60: 727 | HU60: 773 | HV60: 865 | HW60: 923 | HX60: 909 | HY60: 741 | HZ60: 370 | IA60: 913 | IB60: 949 | IC60: 846 | ID60: 881 | IE60: 670 | IF60: 704 | IG60: 391 | IH60: 723 | II60: 769 | IJ60: 381 | IK60: 767 | IL60: 811 | IM60: 798 | IN60: 440 | IO60: 668 | IP60: 772 | IQ60: 748 | IR60: 733 | IS60: 773 | IT60: 812 | IU60: 432 | IV60: 973 | IW60: 928 | IX60: 861 | IY60: 784 | IZ60: 789 | JA60: 798 | JB60: 465 | JC60: 686 | JD60: 658 | JE60: 690 | JF60: 693 | JG60: 694 | JH60: 751 | JI60: 425 | JJ60: 822 | JK60: 704 | JL60: 683 | JM60: 695 | JN60: 690 | JO60: 914 | JP60: 443 | JQ60: 708 | JR60: 598 | JS60: 600 | JT60: 696 | JU60: 643 | JV60: 606 | JW60: 416 | JX60: 725 | JY60: 669 | JZ60: 698 | KA60: =KA17 -> 0 | KB60: 758 | KC60: 749 | KD60: 508 | KE60: 801 | KF60: 696 | KG60: 645 | KH60: 741 | KI60: 646 | KJ60: 653 | KK60: 592 | KL60: 1020 | KM60: 1149 | KN60: 1048 | KO60: 1107 | KP60: 1119 | KQ60: 931 | KR60: 555 | KS60: 906 | KT60: 701 | KU60: 717 | KV60: 682 | KW60: 660 | KX60: 731 | KY60: 437 | KZ60: 739 | LH60: 1410 | LI60: 1478 | LJ60: 1301 | LK60: 1383 | LL60: 1410 | LN60: 1187 | LO60: 1275 | LP60: 1176 | LQ60: 1452 | LR60: 1518 | LS60: 1744 | LU60: 1978 | LV60: 1905 | LW60: 1919 | LX60: 1621 | LY60: 1612 | LZ60: 2443 | MB60: 1512 | MC60: 1240 | MD60: 1041 | ME60: 1120 | MF60: 1106 | MG60: 1398 | MI60: 1558 | MJ60: 1360 | MK60: 1164 | ML60: 980 | MM60: 1127 | MN60: 1196 | MP60: 1009 | MQ60: 1006 | MR60: 1085 | MS60: 1077 | MT60: 1040 | MU60: 1115 | MW60: 810 | MX60: 976 | MY60: 5360 | MZ60: 878 | NA60: 1124 | NB60: 1086 | ND60: 982 | NE60: 1066 | NF60: 981 | NG60: 1121
B61: 14 to 15 | C61: =MIN(F61:LI61) -> 0 | D61: =MAX(F61:LI61) -> 1402 | E61: =IFERROR(INT(AVERAGE(F61:LI61)),"0") -> 748 | F61: 637 | G61: 646 | H61: 656 | I61: 633 | J61: 458 | K61: 812 | L61: 646 | M61: 672 | N61: 747 | O61: 674 | P61: 734 | Q61: 386 | R61: 537 | S61: 668 | T61: 686 | U61: 660 | V61: 677 | W61: 616 | X61: 443 | Y61: 539 | Z61: 601 | AA61: 494 | AB61: 437 | AC61: 435 | AD61: 543 | AE61: 421 | AF61: 575 | AG61: 433 | AH61: 476 | AI61: 582 | AJ61: 599 | AK61: 764 | AL61: 519 | AM61: 639 | AN61: 810 | AO61: 959 | AP61: 906 | AQ61: 948 | AR61: 989 | AS61: 529 | AT61: 758 | AU61: 835 | AV61: 878 | AW61: 852 | AX61: 807 | AY61: 526 | AZ61: 526 | BA61: 752 | BB61: 829 | BC61: 853 | BD61: 939 | BE61: 834 | BF61: 736 | BG61: 569 | BH61: 752 | BI61: 967 | BJ61: 944 | BK61: 875 | BL61: 873 | BM61: 1071 | BN61: 544 | BO61: 683 | BP61: 784 | BQ61: 681 | BR61: 682 | BS61: 708 | BT61: 996 | BU61: 535 | BV61: 710 | BW61: 677 | BX61: 854 | BY61: 579 | BZ61: 697 | CA61: 655 | CB61: 618 | CC61: 553 | CD61: 560 | CE61: 576 | CF61: 529 | CG61: 611 | CH61: 590 | CI61: 426 | CJ61: 493 | CK61: 493 | CM61: 590 | CN61: 453 | CO61: 496 | CP61: 451 | CQ61: 416 | CR61: 442 | CS61: 393 | CT61: 542 | CU61: 569 | CV61: 510 | CW61: 478 | CX61: 422 | CY61: 504 | CZ61: 435 | DA61: 534 | DB61: 294 | DC61: 586 | DD61: 534 | DE61: 733 | DF61: 750 | DG61: 730 | DH61: 738 | DI61: 698 | DJ61: 770 | DK61: 579 | DL61: 643 | DM61: 769 | DN61: 821 | DO61: 767 | DP61: 752 | DQ61: 684 | DR61: 732 | DS61: 912 | DT61: 916 | DU61: 849 | DV61: 780 | DW61: 889 | DX61: 674 | DY61: 554 | DZ61: 730 | EA61: 817 | EB61: 780 | EC61: 693 | ED61: 848 | EE61: 902 | EF61: 689 | EG61: 838 | EH61: 889 | EI61: 840 | EJ61: 877 | EK61: 860 | EL61: 892 | EM61: 659 | EN61: 803 | EO61: 792 | EP61: 807 | EQ61: 756 | ER61: 812 | ES61: 1187 | ET61: 694 | EU61: 853 | EV61: 910 | EW61: 1278 | EX61: 898 | EY61: 753 | EZ61: 848 | FA61: 533 | FB61: 802 | FC61: 939 | FD61: 833 | FE61: 953 | FF61: 881 | FG61: 813 | FH61: 641 | FI61: 751 | FJ61: 873 | FK61: 989 | FL61: 984 | FM61: 831 | FN61: 783 | FO61: 742 | FP61: 944 | FQ61: 395 | FR61: 701 | FS61: 806 | FT61: 803 | FU61: 662 | FV61: 580 | FW61: 774 | FX61: 889 | FY61: 857 | FZ61: 885 | GA61: 904 | GB61: 742 | GC61: 563 | GD61: 770 | GE61: 827 | GF61: 893 | GG61: 914 | GH61: 786 | GI61: 919 | GJ61: 752 | GK61: 914 | GL61: 874 | GM61: 815 | GN61: 878 | GO61: 935 | GP61: 966 | GQ61: 626 | GR61: 893 | GS61: 954 | GT61: 969 | GU61: 1061 | GV61: 974 | GW61: 885 | GX61: 676 | GY61: 991 | GZ61: 1007 | HA61: 862 | HB61: 906 | HC61: 884 | HD61: 818 | HE61: 549 | HF61: 809 | HG61: 1175 | HH61: 925 | HI61: 891 | HJ61: 864 | HK61: 897 | HL61: 563 | HM61: 850 | HN61: 913 | HO61: 893 | HP61: 776 | HQ61: 805 | HR61: 921 | HS61: 573 | HT61: 775 | HU61: 849 | HV61: 888 | HW61: 907 | HX61: 837 | HY61: 814 | HZ61: 519 | IA61: 875 | IB61: 913 | IC61: 787 | ID61: 885 | IE61: 825 | IF61: 820 | IG61: 571 | IH61: 652 | II61: 772 | IJ61: 561 | IK61: 665 | IL61: 831 | IM61: 832 | IN61: 525 | IO61: 747 | IP61: 851 | IQ61: 864 | IR61: 754 | IS61: 768 | IT61: 884 | IU61: 632 | IV61: 940 | IW61: 934 | IX61: 794 | IY61: 799 | IZ61: 903 | JA61: 783 | JB61: 643 | JC61: 667 | JD61: 697 | JE61: 649 | JF61: 728 | JG61: 701 | JH61: 852 | JI61: 550 | JJ61: 798 | JK61: 718 | JL61: 661 | JM61: 750 | JN61: 668 | JO61: 767 | JP61: 609 | JQ61: 811 | JR61: 682 | JS61: 642 | JT61: 672 | JU61: 726 | JV61: 652 | JW61: 581 | JX61: 730 | JY61: 647 | JZ61: 698 | KA61: =KA18 -> 0 | KB61: 817 | KC61: 836 | KD61: 639 | KE61: 779 | KF61: 836 | KG61: 672 | KH61: 925 | KI61: 734 | KJ61: 766 | KK61: 939 | KL61: 1050 | KM61: 1402 | KN61: 1131 | KO61: 1194 | KP61: 1223 | KQ61: 930 | KR61: 720 | KS61: 906 | KT61: 761 | KU61: 736 | KV61: 774 | KW61: 607 | KX61: 734 | KY61: 593 | KZ61: 726 | LH61: 1263 | LI61: 1222 | LJ61: 1012 | LK61: 1131 | LL61: 1219 | LM61: 1534 | LN61: 991 | LO61: 1172 | LP61: 1045 | LQ61: 1495 | LR61: 1133 | LS61: 2022 | LT61: 1547 | LU61: 1879 | LV61: 1764 | LW61: 1610 | LX61: 1463 | LY61: 1545 | LZ61: 2024 | MA61: 1579 | MB61: 1350 | MC61: 1032 | MD61: 867 | ME61: 927 | MF61: 920 | MG61: 1283 | MH61: 1589 | MI61: 1325 | MJ61: 1099 | MK61: 876 | ML61: 842 | MM61: 937 | MN61: 1092 | MO61: 853 | MP61: 882 | MQ61: 870 | MR61: 1003 | MS61: 854 | MT61: 845 | MU61: 822 | MV61: 771 | MW61: 741 | MX61: 774 | MY61: 4793 | MZ61: 706 | NA61: 947 | NB61: 988 | NC61: 1207 | ND61: 1022 | NE61: 929 | NF61: 842 | NG61: 806
B62: 15 to 16 | C62: =MIN(F62:LI62) -> 0 | D62: =MAX(F62:LI62) -> 1282 | E62: =IFERROR(INT(AVERAGE(F62:LI62)),"0") -> 721 | F62: 675 | G62: 726 | H62: 666 | I62: 624 | J62: 377 | K62: 842 | L62: 744 | M62: 678 | N62: 798 | O62: 699 | P62: 678 | Q62: 404 | R62: 636 | S62: 787 | T62: 767 | U62: 714 | V62: 636 | W62: 675 | X62: 379 | Y62: 700 | Z62: 648 | AA62: 627 | AB62: 619 | AC62: 612 | AD62: 665 | AE62: 404 | AF62: 634 | AG62: 634 | AH62: 571 | AI62: 560 | AJ62: 682 | AK62: 830 | AL62: 579 | AM62: 749 | AN62: 654 | AO62: 764 | AP62: 764 | AQ62: 809 | AR62: 761 | AS62: 617 | AT62: 678 | AU62: 678 | AV62: 838 | AW62: 650 | AX62: 818 | AY62: 681 | AZ62: 681 | BA62: 823 | BB62: 750 | BC62: 777 | BD62: 793 | BE62: 736 | BF62: 699 | BG62: 589 | BH62: 694 | BI62: 856 | BJ62: 893 | BK62: 746 | BL62: 820 | BM62: 822 | BN62: 621 | BO62: 666 | BP62: 799 | BQ62: 652 | BR62: 647 | BS62: 654 | BT62: 653 | BU62: 536 | BV62: 644 | BW62: 690 | BX62: 830 | BY62: 552 | BZ62: 793 | CA62: 558 | CB62: 585 | CC62: 563 | CD62: 529 | CE62: 520 | CF62: 470 | CG62: 463 | CH62: 463 | CI62: 439 | CJ62: 488 | CK62: 423 | CM62: 493 | CN62: 474 | CO62: 431 | CP62: 460 | CQ62: 515 | CR62: 381 | CS62: 386 | CT62: 467 | CU62: 526 | CV62: 459 | CW62: 466 | CX62: 445 | CY62: 514 | CZ62: 442 | DA62: 475 | DB62: 318 | DC62: 569 | DD62: 508 | DE62: 706 | DF62: 690 | DG62: 707 | DH62: 734 | DI62: 705 | DJ62: 712 | DK62: 683 | DL62: 774 | DM62: 692 | DN62: 693 | DO62: 765 | DP62: 727 | DQ62: 950 | DR62: 806 | DS62: 884 | DT62: 788 | DU62: 757 | DV62: 727 | DW62: 898 | DX62: 712 | DY62: 591 | DZ62: 752 | EA62: 668 | EB62: 733 | EC62: 599 | ED62: 771 | EE62: 861 | EF62: 719 | EG62: 829 | EH62: 756 | EI62: 802 | EJ62: 846 | EK62: 737 | EL62: 783 | EM62: 710 | EN62: 860 | EO62: 785 | EP62: 830 | EQ62: 761 | ER62: 724 | ES62: 865 | ET62: 787 | EU62: 762 | EV62: 768 | EW62: 970 | EX62: 748 | EY62: 703 | EZ62: 815 | FA62: 644 | FB62: 822 | FC62: 872 | FD62: 749 | FE62: 807 | FF62: 821 | FG62: 818 | FH62: 689 | FI62: 817 | FJ62: 734 | FK62: 1002 | FL62: 852 | FM62: 751 | FN62: 802 | FO62: 716 | FP62: 961 | FQ62: 402 | FR62: 679 | FS62: 723 | FT62: 776 | FU62: 658 | FV62: 682 | FW62: 660 | FX62: 778 | FY62: 746 | FZ62: 737 | GA62: 724 | GB62: 662 | GC62: 545 | GD62: 702 | GE62: 734 | GF62: 659 | GG62: 746 | GH62: 652 | GI62: 866 | GJ62: 822 | GK62: 897 | GL62: 887 | GM62: 748 | GN62: 838 | GO62: 872 | GP62: 916 | GQ62: 820 | GR62: 879 | GS62: 931 | GT62: 853 | GU62: 952 | GV62: 882 | GW62: 899 | GX62: 835 | GY62: 824 | GZ62: 867 | HA62: 810 | HB62: 847 | HC62: 815 | HD62: 716 | HE62: 597 | HF62: 734 | HG62: 917 | HH62: 780 | HI62: 765 | HJ62: 749 | HK62: 795 | HL62: 655 | HM62: 768 | HN62: 795 | HO62: 752 | HP62: 774 | HQ62: 824 | HR62: 843 | HS62: 684 | HT62: 710 | HU62: 787 | HV62: 880 | HW62: 857 | HX62: 701 | HY62: 786 | HZ62: 647 | IA62: 839 | IB62: 877 | IC62: 860 | ID62: 863 | IE62: 823 | IF62: 775 | IG62: 617 | IH62: 736 | II62: 735 | IJ62: 717 | IK62: 757 | IL62: 791 | IM62: 734 | IN62: 596 | IO62: 769 | IP62: 857 | IQ62: 718 | IR62: 736 | IS62: 824 | IT62: 870 | IU62: 762 | IV62: 862 | IW62: 878 | IX62: 875 | IY62: 883 | IZ62: 818 | JA62: 813 | JB62: 628 | JC62: 703 | JD62: 719 | JE62: 702 | JF62: 697 | JG62: 758 | JH62: 866 | JI62: 586 | JJ62: 774 | JK62: 688 | JL62: 580 | JM62: 746 | JN62: 670 | JO62: 643 | JP62: 600 | JQ62: 745 | JR62: 683 | JS62: 660 | JT62: 722 | JU62: 680 | JV62: 701 | JW62: 613 | JX62: 758 | JY62: 667 | JZ62: 523 | KA62: =KA19 -> 0 | KB62: 747 | KC62: 901 | KD62: 673 | KE62: 783 | KF62: 729 | KG62: 610 | KH62: 783 | KI62: 671 | KJ62: 814 | KK62: 1050 | KL62: 977 | KM62: 1082 | KN62: 986 | KO62: 1044 | KP62: 942 | KQ62: 828 | KR62: 744 | KS62: 801 | KT62: 759 | KU62: 681 | KV62: 683 | KW62: 636 | KX62: 703 | KY62: 656 | KZ62: 633 | LH62: 1196 | LI62: 1282 | LJ62: 1135 | LK62: 1216 | LL62: 1238 | LM62: 1170 | LN62: 1037 | LO62: 1206 | LP62: 1030 | LQ62: 1246 | LR62: 1295 | LS62: 1925 | LT62: 1246 | LU62: 1627 | LV62: 1686 | LW62: 1480 | LX62: 1346 | LY62: 1471 | LZ62: 1799 | MA62: 1339 | MB62: 1219 | MC62: 1157 | MD62: 889 | ME62: 1026 | MF62: 951 | MG62: 1192 | MH62: 1325 | MI62: 1354 | MJ62: 1093 | MK62: 1088 | ML62: 1012 | MM62: 974 | MN62: 1155 | MO62: 722 | MP62: 985 | MQ62: 903 | MR62: 1016 | MS62: 862 | MT62: 911 | MU62: 888 | MV62: 624 | MW62: 863 | MX62: 866 | MY62: 4319 | MZ62: 873 | NA62: 1073 | NB62: 1062 | NC62: 1173 | ND62: 1141 | NE62: 1094 | NF62: 950 | NG62: 979
B63: 16 to 17 | C63: =MIN(F63:LI63) -> 0 | D63: =MAX(F63:LI63) -> 1486 | E63: =IFERROR(INT(AVERAGE(F63:LI63)),"0") -> 677 | F63: 700 | G63: 620 | H63: 634 | I63: 652 | J63: 491 | K63: 801 | L63: 689 | M63: 677 | N63: 715 | O63: 843 | P63: 642 | Q63: 496 | R63: 663 | S63: 784 | T63: 723 | U63: 649 | V63: 753 | W63: 625 | X63: 481 | Y63: 593 | Z63: 624 | AA63: 668 | AB63: 602 | AC63: 665 | AD63: 730 | AE63: 467 | AF63: 600 | AG63: 691 | AH63: 553 | AI63: 506 | AJ63: 631 | AK63: 880 | AL63: 599 | AM63: 643 | AN63: 670 | AO63: 714 | AP63: 677 | AQ63: 799 | AR63: 777 | AS63: 603 | AT63: 743 | AU63: 717 | AV63: 743 | AW63: 647 | AX63: 775 | AY63: 578 | AZ63: 578 | BA63: 726 | BB63: 715 | BC63: 649 | BD63: 634 | BE63: 662 | BF63: 658 | BG63: 609 | BH63: 661 | BI63: 851 | BJ63: 733 | BK63: 616 | BL63: 727 | BM63: 786 | BN63: 632 | BO63: 628 | BP63: 838 | BQ63: 690 | BR63: 585 | BS63: 567 | BT63: 624 | BU63: 558 | BV63: 670 | BW63: 701 | BX63: 746 | BY63: 386 | BZ63: 639 | CA63: 563 | CB63: 505 | CC63: 555 | CD63: 498 | CE63: 461 | CF63: 458 | CG63: 540 | CH63: 442 | CI63: 413 | CJ63: 497 | CK63: 413 | CM63: 480 | CN63: 478 | CO63: 443 | CP63: 435 | CQ63: 583 | CR63: 424 | CS63: 472 | CT63: 455 | CU63: 505 | CV63: 524 | CW63: 474 | CX63: 498 | CY63: 533 | CZ63: 482 | DA63: 465 | DB63: 311 | DC63: 503 | DD63: 507 | DE63: 648 | DF63: 731 | DG63: 731 | DH63: 690 | DI63: 635 | DJ63: 621 | DK63: 574 | DL63: 665 | DM63: 595 | DN63: 642 | DO63: 683 | DP63: 647 | DQ63: 1440 | DR63: 801 | DS63: 815 | DT63: 722 | DU63: 751 | DV63: 697 | DW63: 744 | DX63: 679 | DY63: 556 | DZ63: 669 | EA63: 613 | EB63: 632 | EC63: 640 | ED63: 662 | EE63: 783 | EF63: 760 | EG63: 730 | EH63: 680 | EI63: 609 | EJ63: 749 | EK63: 655 | EL63: 657 | EM63: 689 | EN63: 716 | EO63: 708 | EP63: 751 | EQ63: 648 | ER63: 700 | ES63: 924 | ET63: 790 | EU63: 648 | EV63: 671 | EW63: 956 | EX63: 772 | EY63: 677 | EZ63: 910 | FA63: 762 | FB63: 726 | FC63: 757 | FD63: 679 | FE63: 644 | FF63: 728 | FG63: 657 | FH63: 696 | FI63: 648 | FJ63: 773 | FK63: 873 | FL63: 785 | FM63: 819 | FN63: 716 | FO63: 694 | FP63: 1105 | FQ63: 416 | FR63: 679 | FS63: 697 | FT63: 664 | FU63: 675 | FV63: 614 | FW63: 778 | FX63: 681 | FY63: 633 | FZ63: 681 | GA63: 653 | GB63: 679 | GC63: 647 | GD63: 714 | GE63: 662 | GF63: 783 | GG63: 706 | GH63: 590 | GI63: 699 | GJ63: 682 | GK63: 802 | GL63: 820 | GM63: 707 | GN63: 732 | GO63: 824 | GP63: 1092 | GQ63: 830 | GR63: 811 | GS63: 886 | GT63: 796 | GU63: 814 | GV63: 803 | GW63: 723 | GX63: 821 | GY63: 771 | GZ63: 863 | HA63: 847 | HB63: 870 | HC63: 798 | HD63: 649 | HE63: 602 | HF63: 753 | HG63: 995 | HH63: 744 | HI63: 789 | HJ63: 709 | HK63: 739 | HL63: 642 | HM63: 639 | HN63: 782 | HP63: 682 | HQ63: 716 | HR63: 764 | HS63: 638 | HT63: 651 | HU63: 746 | HV63: 667 | HW63: 723 | HX63: 723 | HY63: 653 | HZ63: 625 | IA63: 905 | IB63: 764 | IC63: 689 | ID63: 723 | IE63: 766 | IF63: 674 | IG63: 596 | IH63: 598 | II63: 670 | IJ63: 666 | IK63: 681 | IL63: 735 | IM63: 672 | IN63: 600 | IO63: 631 | IP63: 824 | IQ63: 653 | IR63: 609 | IS63: 680 | IT63: 696 | IU63: 640 | IV63: 848 | IW63: 778 | IX63: 681 | IY63: 781 | IZ63: 722 | JA63: 729 | JB63: 585 | JC63: 642 | JD63: 658 | JE63: 612 | JF63: 553 | JG63: 626 | JH63: 668 | JI63: 935 | JJ63: 792 | JK63: 607 | JL63: 567 | JM63: 574 | JN63: 506 | JO63: 618 | JP63: 576 | JQ63: 639 | JR63: 621 | JS63: 819 | JT63: 618 | JU63: 513 | JV63: 607 | JW63: 607 | JX63: 657 | JY63: 551 | JZ63: 424 | KA63: =KA20 -> 0 | KB63: 629 | KC63: 720 | KD63: 638 | KE63: 688 | KF63: 672 | KG63: 548 | KH63: 603 | KI63: 576 | KJ63: 764 | KK63: 999 | KL63: 774 | KM63: 938 | KN63: 1486 | KO63: 861 | KP63: 860 | KQ63: 745 | KR63: 785 | KS63: 643 | KT63: 641 | KU63: 597 | KV63: 631 | KW63: 542 | KX63: 494 | KY63: 539 | KZ63: 536 | LH63: 1208 | LI63: 898 | LJ63: 825 | LK63: 884 | LL63: 1022 | LM63: 1135 | LN63: 982 | LO63: 1076 | LP63: 815 | LQ63: 1202 | LR63: 1116 | LS63: 1647 | LT63: 1367 | LU63: 1609 | LV63: 1694 | LW63: 1300 | LX63: 1179 | LY63: 1255 | LZ63: 1570 | MA63: 1412 | MB63: 1065 | MC63: 967 | MD63: 900 | ME63: 795 | MF63: 907 | MG63: 948 | MH63: 1515 | MI63: 1300 | MJ63: 992 | MK63: 866 | ML63: 789 | MM63: 758 | MN63: 873 | MO63: 762 | MP63: 782 | MQ63: 673 | MR63: 727 | MS63: 650 | MT63: 674 | MU63: 627 | MV63: 712 | MW63: 651 | MX63: 697 | MY63: 4233 | MZ63: 1607 | NA63: 877 | NB63: 964 | NC63: 1112 | ND63: 821 | NE63: 793 | NF63: 786 | NG63: 737
B64: 17 to 18 | C64: =MIN(F64:LI64) -> 0 | D64: =MAX(F64:LI64) -> 1544 | E64: =IFERROR(INT(AVERAGE(F64:LI64)),"0") -> 660 | F64: 700 | G64: 564 | H64: 528 | I64: 635 | J64: 493 | K64: 818 | L64: 612 | M64: 667 | N64: 672 | O64: 720 | P64: 514 | Q64: 551 | R64: 722 | S64: 693 | T64: 674 | U64: 661 | V64: 768 | W64: 637 | X64: 531 | Y64: 627 | Z64: 614 | AA64: 590 | AB64: 607 | AC64: 644 | AD64: 666 | AE64: 472 | AF64: 614 | AG64: 709 | AH64: 609 | AI64: 566 | AJ64: 613 | AK64: 733 | AL64: 640 | AM64: 680 | AN64: 717 | AO64: 885 | AP64: 721 | AQ64: 798 | AR64: 794 | AS64: 667 | AT64: 798 | AU64: 737 | AV64: 680 | AW64: 724 | AX64: 784 | AY64: 729 | AZ64: 729 | BA64: 811 | BB64: 719 | BC64: 705 | BD64: 684 | BE64: 650 | BF64: 719 | BG64: 590 | BH64: 692 | BI64: 769 | BJ64: 719 | BK64: 720 | BL64: 686 | BM64: 769 | BN64: 675 | BO64: 590 | BP64: 829 | BQ64: 606 | BR64: 1010 | BS64: 617 | BT64: 592 | BU64: 532 | BV64: 617 | BW64: 659 | BX64: 762 | BY64: 392 | BZ64: 525 | CA64: 449 | CB64: 532 | CC64: 510 | CD64: 491 | CE64: 509 | CF64: 522 | CG64: 565 | CH64: 491 | CI64: 527 | CJ64: 468 | CK64: 443 | CM64: 463 | CN64: 541 | CO64: 446 | CP64: 537 | CQ64: 592 | CR64: 488 | CS64: 420 | CT64: 441 | CU64: 424 | CV64: 499 | CW64: 537 | CX64: 486 | CY64: 548 | CZ64: 523 | DA64: 507 | DB64: 318 | DC64: 492 | DD64: 518 | DE64: 676 | DF64: 709 | DG64: 705 | DH64: 706 | DI64: 654 | DJ64: 618 | DK64: 567 | DL64: 632 | DM64: 587 | DN64: 669 | DO64: 642 | DP64: 630 | DQ64: 1275 | DR64: 761 | DS64: 821 | DT64: 688 | DU64: 726 | DV64: 677 | DW64: 771 | DX64: 687 | DY64: 550 | DZ64: 651 | EA64: 691 | EB64: 638 | EC64: 609 | ED64: 663 | EE64: 661 | EF64: 684 | EG64: 707 | EH64: 727 | EI64: 642 | EJ64: 702 | EK64: 702 | EL64: 693 | EM64: 636 | EN64: 758 | EO64: 665 | EP64: 681 | EQ64: 642 | ER64: 581 | ES64: 884 | ET64: 693 | EU64: 625 | EV64: 655 | EW64: 906 | EX64: 618 | EY64: 548 | EZ64: 895 | FA64: 722 | FB64: 669 | FC64: 646 | FD64: 715 | FE64: 617 | FF64: 610 | FG64: 622 | FH64: 628 | FI64: 599 | FJ64: 819 | FK64: 918 | FL64: 684 | FM64: 668 | FN64: 679 | FO64: 634 | FP64: 1004 | FQ64: 398 | FR64: 668 | FS64: 684 | FT64: 685 | FU64: 622 | FV64: 564 | FW64: 613 | FX64: 683 | FY64: 674 | FZ64: 753 | GA64: 662 | GB64: 602 | GC64: 599 | GD64: 694 | GE64: 554 | GF64: 600 | GG64: 621 | GH64: 604 | GI64: 732 | GJ64: 717 | GK64: 804 | GL64: 695 | GM64: 650 | GN64: 618 | GO64: 730 | GP64: 1100 | GQ64: 841 | GR64: 733 | GS64: 878 | GT64: 738 | GU64: 809 | GV64: 723 | GW64: 613 | GX64: 838 | GY64: 936 | GZ64: 813 | HA64: 686 | HB64: 711 | HC64: 619 | HD64: 783 | HE64: 633 | HF64: 566 | HG64: 918 | HH64: 656 | HI64: 700 | HJ64: 664 | HK64: 669 | HL64: 661 | HM64: 617 | HN64: 618 | HO64: 48 | HP64: 721 | HQ64: 690 | HR64: 646 | HS64: 664 | HT64: 649 | HU64: 602 | HV64: 695 | HW64: 695 | HX64: 641 | HY64: 697 | HZ64: 611 | IA64: 879 | IB64: 658 | IC64: 652 | ID64: 573 | IE64: 699 | IF64: 619 | IG64: 629 | IH64: 673 | II64: 646 | IJ64: 592 | IK64: 644 | IL64: 682 | IM64: 587 | IN64: 575 | IO64: 587 | IP64: 664 | IQ64: 586 | IR64: 688 | IS64: 680 | IT64: 676 | IU64: 696 | IV64: 834 | IW64: 795 | IX64: 783 | IY64: 683 | IZ64: 745 | JA64: 723 | JB64: 588 | JC64: 639 | JD64: 533 | JE64: 571 | JF64: 567 | JG64: 553 | JH64: 667 | JI64: 922 | JJ64: 567 | JK64: 590 | JL64: 613 | JM64: 561 | JN64: 555 | JO64: 591 | JP64: 598 | JQ64: 564 | JR64: 510 | JS64: 533 | JT64: 591 | JU64: 517 | JV64: 579 | JW64: 566 | JX64: 667 | JY64: 496 | JZ64: 446 | KA64: =KA21 -> 0 | KB64: 619 | KC64: 757 | KD64: 636 | KE64: 653 | KF64: 602 | KG64: 569 | KH64: 547 | KI64: 610 | KJ64: 782 | KK64: 1015 | KL64: 980 | KM64: 932 | KN64: 1544 | KO64: 857 | KP64: 891 | KQ64: 814 | KR64: 705 | KS64: 727 | KT64: 669 | KU64: 616 | KV64: 590 | KW64: 566 | KX64: 622 | KY64: 586 | KZ64: 646 | LH64: 1237 | LI64: 990 | LJ64: 870 | LK64: 1061 | LL64: 1091 | LM64: 1152 | LN64: 1080 | LO64: 1062 | LP64: 874 | LQ64: 1229 | LR64: 1352 | LS64: 1544 | LT64: 1276 | LU64: 1634 | LV64: 1812 | LW64: 1387 | LX64: 1364 | LY64: 1298 | LZ64: 1604 | MA64: 1341 | MB64: 1242 | MC64: 1054 | MD64: 921 | ME64: 886 | MF64: 1070 | MG64: 954 | MH64: 1622 | MI64: 2911 | MJ64: 880 | MK64: 889 | ML64: 742 | MM64: 834 | MN64: 762 | MO64: 732 | MP64: 955 | MQ64: 752 | MR64: 718 | MS64: 696 | MT64: 767 | MU64: 595 | MV64: 705 | MW64: 666 | MX64: 6372 | MY64: 4437 | MZ64: 2089 | NA64: 814 | NB64: 935 | NC64: 1162 | ND64: 954 | NE64: 812 | NF64: 847 | NG64: 876
B65: 18 to 19 | C65: =MIN(F65:LI65) -> 0 | D65: =MAX(F65:LI65) -> 1473 | E65: =IFERROR(INT(AVERAGE(F65:LI65)),"0") -> 715 | F65: 547 | G65: 543 | H65: 514 | I65: 534 | J65: 539 | K65: 674 | L65: 655 | M65: 552 | N65: 613 | O65: 644 | P65: 597 | Q65: 595 | R65: 605 | S65: 731 | T65: 524 | U65: 605 | V65: 613 | W65: 566 | X65: 558 | Y65: 582 | Z65: 580 | AA65: 477 | AB65: 586 | AC65: 560 | AD65: 637 | AE65: 615 | AF65: 583 | AG65: 607 | AH65: 524 | AI65: 536 | AJ65: 564 | AK65: 690 | AL65: 592 | AM65: 713 | AN65: 772 | AO65: 1031 | AP65: 753 | AQ65: 749 | AR65: 786 | AS65: 644 | AT65: 713 | AU65: 873 | AV65: 821 | AW65: 772 | AX65: 789 | AY65: 764 | AZ65: 764 | BA65: 698 | BB65: 832 | BC65: 731 | BD65: 710 | BE65: 705 | BF65: 684 | BG65: 662 | BH65: 718 | BI65: 804 | BJ65: 743 | BK65: 782 | BL65: 738 | BM65: 714 | BN65: 703 | BO65: 674 | BP65: 852 | BQ65: 593 | BR65: 1394 | BS65: 599 | BT65: 585 | BU65: 595 | BV65: 578 | BW65: 681 | BX65: 671 | BY65: 411 | BZ65: 597 | CA65: 550 | CB65: 602 | CC65: 590 | CD65: 626 | CE65: 586 | CF65: 564 | CG65: 626 | CH65: 585 | CI65: 632 | CJ65: 591 | CK65: 625 | CM65: 526 | CN65: 631 | CO65: 641 | CP65: 633 | CQ65: 641 | CR65: 592 | CS65: 582 | CT65: 544 | CU65: 532 | CV65: 639 | CW65: 637 | CX65: 620 | CY65: 688 | CZ65: 656 | DA65: 617 | DB65: 440 | DC65: 622 | DD65: 643 | DE65: 687 | DF65: 712 | DG65: 760 | DH65: 791 | DI65: 703 | DJ65: 741 | DK65: 645 | DL65: 696 | DM65: 703 | DN65: 697 | DO65: 670 | DP65: 783 | DQ65: 1153 | DR65: 866 | DS65: 874 | DT65: 783 | DU65: 760 | DV65: 747 | DW65: 817 | DX65: 638 | DY65: 682 | DZ65: 753 | EA65: 766 | EB65: 701 | EC65: 744 | ED65: 687 | EE65: 843 | EF65: 799 | EG65: 747 | EH65: 842 | EI65: 717 | EJ65: 830 | EK65: 718 | EL65: 770 | EM65: 773 | EN65: 683 | EO65: 688 | EP65: 758 | EQ65: 762 | ER65: 661 | ES65: 950 | ET65: 771 | EU65: 784 | EV65: 711 | EW65: 908 | EX65: 760 | EY65: 718 | EZ65: 717 | FA65: 787 | FB65: 744 | FC65: 783 | FD65: 813 | FE65: 752 | FF65: 801 | FG65: 716 | FH65: 693 | FI65: 712 | FJ65: 1031 | FK65: 1009 | FL65: 812 | FM65: 774 | FN65: 797 | FO65: 682 | FP65: 1013 | FQ65: 458 | FR65: 717 | FS65: 798 | FT65: 746 | FU65: 727 | FV65: 694 | FW65: 725 | FX65: 708 | FY65: 857 | FZ65: 712 | GA65: 596 | GB65: 733 | GC65: 720 | GD65: 659 | GE65: 796 | GF65: 899 | GG65: 816 | GH65: 730 | GI65: 859 | GJ65: 829 | GK65: 787 | GL65: 817 | GM65: 732 | GN65: 752 | GO65: 776 | GP65: 962 | GQ65: 863 | GR65: 830 | GS65: 900 | GT65: 841 | GU65: 900 | GV65: 784 | GW65: 742 | GX65: 826 | GY65: 885 | GZ65: 809 | HA65: 862 | HB65: 986 | HC65: 709 | HD65: 713 | HE65: 682 | HF65: 730 | HG65: 992 | HH65: 763 | HI65: 838 | HJ65: 684 | HK65: 842 | HL65: 790 | HM65: 778 | HN65: 691 | HO65: 659 | HP65: 763 | HQ65: 644 | HR65: 691 | HS65: 719 | HT65: 781 | HU65: 771 | HV65: 723 | HW65: 734 | HX65: 650 | HY65: 698 | HZ65: 602 | IA65: 965 | IB65: 823 | IC65: 722 | ID65: 666 | IE65: 721 | IF65: 678 | IG65: 701 | IH65: 737 | II65: 643 | IJ65: 640 | IK65: 743 | IL65: 761 | IM65: 754 | IN65: 578 | IO65: 625 | IP65: 682 | IQ65: 686 | IR65: 629 | IS65: 743 | IT65: 911 | IU65: 694 | IV65: 865 | IW65: 811 | IX65: 884 | IY65: 802 | IZ65: 814 | JA65: 790 | JB65: 690 | JC65: 651 | JD65: 620 | JE65: 631 | JF65: 652 | JG65: 606 | JH65: 764 | JI65: 843 | JJ65: 696 | JK65: 624 | JL65: 693 | JM65: 653 | JN65: 598 | JO65: 689 | JP65: 696 | JQ65: 586 | JR65: 529 | JS65: 660 | JT65: 589 | JU65: 610 | JV65: 687 | JW65: 647 | JX65: 761 | JY65: 642 | JZ65: 539 | KA65: =KA22 -> 0 | KB65: 630 | KC65: 694 | KD65: 641 | KE65: 658 | KF65: 540 | KG65: 589 | KH65: 610 | KI65: 601 | KJ65: 767 | KK65: 761 | KL65: 1007 | KM65: 992 | KN65: 1473 | KO65: 955 | KP65: 977 | KQ65: 696 | KR65: 698 | KS65: 685 | KT65: 678 | KU65: 668 | KV65: 596 | KW65: 569 | KX65: 613 | KY65: 658 | KZ65: 616 | LH65: 1346 | LI65: 1207 | LJ65: 945 | LK65: 1166 | LL65: 1278 | LM65: 1482 | LN65: 1232 | LO65: 1160 | LP65: 1012 | LQ65: 1297 | LR65: 1319 | LS65: 1717 | LT65: 1650 | LU65: 1884 | LV65: 2119 | LW65: 1625 | LX65: 1675 | LY65: 1511 | LZ65: 1978 | MA65: 1679 | MB65: 1349 | MC65: 1096 | MD65: 1036 | ME65: 981 | MF65: 1002 | MG65: 1166 | MH65: 1830 | MI65: 1446 | MJ65: 1115 | MK65: 978 | ML65: 903 | MM65: 1044 | MN65: 969 | MO65: 1059 | MP65: 980 | MQ65: 855 | MR65: 876 | MS65: 820 | MT65: 786 | MU65: 677 | MV65: 847 | MW65: 669 | MX65: 8360 | MY65: 3427 | MZ65: 2306 | NA65: 1014 | NB65: 1127 | NC65: 1282 | ND65: 1303 | NE65: 942 | NF65: 872 | NG65: 931
